5,Elie, Briney,belie4@nyu.edu,164.108.53.166
7,Macourek, Nicol,nmacourek6@behance.net,103.175.130.40
11,Glynn, Cecile,cglynna@umich.edu,115.100.213.150
17,Gaynes, Hannis,hgaynesg@geocities.jp,175.225.10.246
21,MacMichael, Amberly,amacmichaelk@shop-pro.jp,206.225.145.13
35,Dutch, Ilse,idutchy@ted.com,155.159.26.233
37,Gillbey, Cathie,cgillbey10@usgs.gov,83.243.35.67
41,Kynsey, Penny,pkynsey14@dailymotion.com,26.32.168.248
43,Royds, Zea,zroyds16@about.com,255.0.115.251
45,Lenham, Celeste,clenham18@delicious.com,143.231.147.81
47,Montilla, Reena,rmontilla1a@furl.net,90.33.237.9
51,Tower, Jacquelyn,jtower1e@netvibes.com,158.122.142.165
59,Whiten, Trisha,twhiten1m@usnews.com,7.57.29.50
61,Andreia, Laurene,landreia1o@booking.com,126.209.238.54
63,Kestin, Barby,bkestin1q@geocities.jp,171.210.13.73
65,Weatherell, Tommie,tweatherell1s@usatoday.com,140.242.206.245
67,Gouth, Geri,ggouth1u@java.com,160.143.46.211
69,Offa, Daveta,doffa1w@google.ru,190.158.79.14
73,Pignon, Wilow,wpignon20@boston.com,35.109.62.153
75,Greenstead, Ardenia,agreenstead22@aol.com,119.60.237.73
77,Pinniger, Lyell,lpinniger24@dagondesign.com,40.179.66.8
79,Dake, Imelda,idake26@psu.edu,171.90.80.167
83,Gencke, Briney,bgencke2a@bing.com,71.196.204.249
87,Morecombe, Kamillah,kmorecombe2e@nsw.gov.au,215.32.251.44
91,McIllroy, Dyna,dmcillroy2i@drupal.org,117.232.143.164
93,Lempel, Lenee,llempel2k@posterous.com,152.71.143.104
95,Bellamy, Aaren,abellamy2m@wisc.edu,193.19.204.119
99,Biddwell, Hollie,hbiddwell2q@pen.io,46.176.111.75
107,Potbury, Rivi,rpotbury2y@google.pl,181.172.84.79
109,Easterling, Wendall,weasterling30@cam.ac.uk,216.227.162.59
113,Mountjoy, Nert,nmountjoy34@sfgate.com,157.22.130.44
117,Cristofor, Reba,rcristofor38@surveymonkey.com,254.48.167.241
119,Janowski, Lilla,ljanowski3a@spiegel.de,127.120.39.161
121,Rudwell, Brita,brudwell3c@howstuffworks.com,36.164.130.101
123,Grishukov, Bonny,bgrishukov3e@github.io,129.45.190.11
129,Thorneloe, Arte,athorneloe3k@guardian.co.uk,166.127.109.83
131,Mereweather, Janka,jmereweather3m@t.co,5.9.223.90
137,Ahrend, Janaye,jahrend3s@deliciousdays.com,71.25.233.186
143,Everly, Genny,geverly3y@123-reg.co.uk,90.134.39.94
145,Ference, Daveta,dference40@bandcamp.com,188.249.127.69
149,Symondson, Sib,ssymondson44@topsy.com,126.153.222.28
151,D'Hooge, Germain,gdhooge46@infoseek.co.jp,244.119.243.58
153,Greson, Merrilee,mgreson48@elpais.com,178.248.84.203
159,Ferraro, Christalle,cferraro4e@sbwire.com,220.91.9.93
161,Blackshaw, Cheslie,cblackshaw4g@mlb.com,17.204.244.37
163,Lidgate, Alyosha,alidgate4i@infoseek.co.jp,139.241.104.4
167,Cruddas, Stephana,scruddas4m@ezinearticles.com,206.205.156.141
169,Jeskin, Dniren,djeskin4o@springer.com,190.17.70.193
171,Jessep, Tabb,tjessep4q@theguardian.com,185.198.145.206
177,Turpie, Adriena,aturpie4w@parallels.com,19.18.213.248
181,Matveiko, Betta,bmatveiko50@barnesandnoble.com,205.254.35.54
183,Simmens, Shela,ssimmens52@123-reg.co.uk,245.29.148.246
187,Ketchaside, Deva,dketchaside56@yolasite.com,23.132.124.161
189,Chstney, Violette,vchstney58@liveinternet.ru,239.235.71.104
191,Westmerland, Ferdinande,fwestmerland5a@ox.ac.uk,255.179.207.175
193,Laydel, Jelene,jlaydel5c@slideshare.net,102.151.43.151
195,Robinett, Samara,srobinett5e@acquirethisname.com,8.244.249.16
197,O'Currigan, Tana,tocurrigan5g@sphinn.com,156.217.27.84
205,Alesbrook, Vickie,valesbrook5o@tamu.edu,21.118.174.29
213,Oliphard, Jaquenette,joliphard5w@sogou.com,12.79.56.214
221,Polendine, Jillene,jpolendine64@dagondesign.com,93.37.58.23
225,Moreinis, Janeta,jmoreinis68@edublogs.org,0.243.50.95
227,Mapplebeck, Ariadne,amapplebeck6a@rakuten.co.jp,95.131.79.77
229,Streak, Caleb,cstreak6c@salon.com,235.201.181.225
231,Hambatch, Sadye,shambatch6e@skyrock.com,58.216.206.49
233,Schooling, Aleta,aschooling6g@skyrock.com,180.52.88.154
235,Fuster, Moyna,mfuster6i@lycos.com,8.48.142.143
237,Spellissy, Harli,hspellissy6k@imageshack.us,34.7.8.181
239,Bonnin, Justus,jbonnin6m@nyu.edu,9.56.154.251
247,Brougham, Catharine,cbrougham6u@guardian.co.uk,242.74.96.54
255,Rolance, Carolynn,crolance72@altervista.org,21.192.90.141
259,Castleman, Ofelia,ocastleman76@google.co.uk,230.148.93.180
265,Challener, Clemmie,cchallener7c@spotify.com,105.204.251.20
267,Salatino, Terra,tsalatino7e@prweb.com,207.195.195.195
275,Filippi, Hyacinthia,hfilippi7m@toplist.cz,143.242.176.189
279,Orto, Sibelle,sorto7q@tinypic.com,5.103.90.190
281,Kempster, Kenton,kkempster7s@dailymail.co.uk,76.170.229.63
285,Fishlee, Edyth,efishlee7w@dyndns.org,64.187.171.79
289,Fortey, Jyoti,jfortey80@php.net,42.206.39.115
299,Tretter, Sybilla,stretter8a@hubpages.com,110.14.154.117
303,Mawditt, Cymbre,cmawditt8e@hc360.com,75.131.215.128
309,Cowland, Fancy,fcowland8k@cbc.ca,137.108.249.12
313,Savil, Tobe,tsavil8o@godaddy.com,244.109.182.137
319,Burdfield, Carry,cburdfield8u@ocn.ne.jp,101.168.200.187
323,Godmar, Blair,bgodmar8y@alexa.com,95.177.1.153
325,Malinson, Nerte,nmalinson90@webmd.com,161.87.190.17
327,Mees, Hailee,hmees92@cpanel.net,11.120.30.135
335,Wringe, Lorie,lwringe9a@technorati.com,224.194.96.13
341,Labeuil, Carola,clabeuil9g@nps.gov,15.108.169.193
345,Claye, Sandy,sclaye9k@yandex.ru,19.204.12.45
347,Goch, Yvette,ygoch9m@mozilla.com,36.252.75.169
353,MacMichael, Letty,lmacmichael9s@washington.edu,105.190.133.29
355,Rapkins, Reeba,rrapkins9u@spotify.com,44.179.44.226
357,Potte, Gay,gpotte9w@hubpages.com,177.126.248.110
359,Ingman, Anthiathia,aingman9y@homestead.com,23.131.192.239
365,Huburn, Dierdre,dhuburna4@imgur.com,136.184.31.217
369,Covendon, Zoe,zcovendona8@domainmarket.com,26.83.68.155
371,Demelt, Layney,ldemeltaa@ycombinator.com,86.87.55.179
373,Schofield, Merry,mschofieldac@usatoday.com,161.137.207.19
377,Baroch, Mei,mbarochag@php.net,89.8.131.248
387,Coulthart, Tobye,tcoulthartaq@opensource.org,146.29.223.53
389,Menichino, Judye,jmenichinoas@multiply.com,169.142.81.34
391,Trathan, Allyson,atrathanau@squarespace.com,179.107.38.193
393,Keary, Sharlene,skearyaw@1688.com,178.60.103.167
395,Detoile, Dorothy,ddetoileay@gravatar.com,90.155.80.24
397,Vettore, Eyde,evettoreb0@hugedomains.com,105.223.94.52
399,Sanchis, Isidora,isanchisb2@arstechnica.com,161.120.160.248
401,Wytchard, Tami,twytchardb4@ucsd.edu,76.79.239.200
403,Tompkinson, Sherye,stompkinsonb6@ifeng.com,113.237.68.140
413,Glazier, Bobbye,bglazierbg@dell.com,248.0.168.32
415,Eckersall, Rasla,reckersallbi@vimeo.com,111.145.119.0
417,MacArdle, Ethel,emacardlebk@webmd.com,3.123.172.138
419,Champain, Malanie,mchampainbm@shutterfly.com,133.226.212.235
423,Trighton, Britteny,btrightonbq@themeforest.net,205.18.23.86
427,Alvy, Alleen,aalvybu@umich.edu,230.211.115.200
429,Kubczak, Gilbertine,gkubczakbw@amazon.com,118.164.128.251
431,Colliard, Philly,pcolliardby@ifeng.com,108.122.174.155
433,Clayworth, Kimmi,kclayworthc0@ted.com,179.47.17.36
435,d' Elboux, Carolann,cdelbouxc2@cbsnews.com,61.185.159.55
439,Staines, Corilla,cstainesc6@ocn.ne.jp,91.189.146.18
441,Volk, Elsy,evolkc8@yandex.ru,53.6.37.99
445,Tapsell, Gabbie,gtapsellcc@sciencedirect.com,219.252.208.149
459,Frany, Julina,jfranycq@purevolume.com,15.29.68.234
461,Unwin, Basia,bunwincs@wordpress.com,170.63.226.162
463,O'Hannigan, Agnes,aohannigancu@bloomberg.com,88.110.118.63
475,Donaghy, Gabbie,gdonaghyd6@ovh.net,238.243.99.100
479,Bagniuk, Maire,mbagniukda@sohu.com,241.14.249.102
487,Jessard, Juieta,jjessarddi@slate.com,198.32.214.92
489,Lardeux, Tamar,tlardeuxdk@addtoany.com,239.101.130.161
491,Mallabone, Modesta,mmallabonedm@nationalgeographic.com,124.201.110.53
499,Inold, Chastity,cinolddu@histats.com,85.123.40.228
509,Ferentz, Nonna,nferentze4@geocities.com,197.51.115.178
511,Laffling, Janel,jlafflinge6@walmart.com,101.7.8.202
513,O'Sheerin, Aubry,aosheerine8@networkadvertising.org,3.46.39.125
515,Sarrell, Katleen,ksarrellea@uiuc.edu,55.89.153.206
517,Allom, Blakeley,ballomec@gravatar.com,7.148.143.60
519,Beere, Barbaraanne,bbeereee@cdc.gov,194.63.236.231
521,Marioneau, Christal,cmarioneaueg@quantcast.com,164.198.93.11
523,Esmond, Christin,cesmondei@bbb.org,8.102.164.229
525,Crew, Micki,mcrewek@mozilla.org,196.22.229.16
531,Lafferty, Ninon,nlaffertyeq@google.pl,34.246.126.28
535,Lashford, Engracia,elashfordeu@flavors.me,227.122.192.69
537,Musson, Aleta,amussonew@goodreads.com,157.88.251.159
541,Cisson, Grayce,gcissonf0@hugedomains.com,14.139.30.245
547,Wickersley, Alexa,awickersleyf6@phpbb.com,160.55.160.28
549,Baudic, Renie,rbaudicf8@amazon.com,238.254.246.117
555,Pittoli, Pegeen,ppittolife@elegantthemes.com,174.209.21.55
557,Salvage, Dael,dsalvagefg@blogspot.com,223.13.242.149
559,Rosenfelt, Hildegaard,hrosenfeltfi@odnoklassniki.ru,133.119.219.200
561,Ledster, Cristin,cledsterfk@tinyurl.com,169.93.48.15
563,Carreyette, Arleta,acarreyettefm@wired.com,72.139.123.157
565,Kedge, Malina,mkedgefo@deliciousdays.com,100.104.171.139
567,Hanlin, Zebedee,zhanlinfq@paginegialle.it,69.194.92.103
569,Girardey, Bekki,bgirardeyfs@artisteer.com,73.25.117.199
571,Salterne, Christean,csalternefu@auda.org.au,173.188.234.114
573,Brahams, Veriee,vbrahamsfw@nytimes.com,236.67.197.133
575,Nyles, Lianne,lnylesfy@etsy.com,156.89.35.13
577,Voisey, Jacquie,jvoiseyg0@epa.gov,84.124.211.183
585,Fanton, Sadella,sfantong8@blogs.com,245.68.172.134
591,Manoch, Charlotta,cmanochge@meetup.com,170.189.111.72
593,Bythway, Ofella,obythwaygg@plala.or.jp,155.102.102.138
597,Halewood, Kellen,khalewoodgk@dell.com,191.240.215.155
599,Frear, Karia,kfreargm@google.co.jp,51.89.183.57
603,Corrison, Ofilia,ocorrisongq@home.pl,92.144.219.97
605,Coaten, Elsey,ecoatengs@behance.net,150.230.158.158
609,Fitchen, Fifi,ffitchengw@umn.edu,201.48.241.159
611,Manville, Arielle,amanvillegy@usatoday.com,33.127.178.22
619,Ortner, Matelda,mortnerh6@prweb.com,99.80.228.99
623,Lorenzetti, Kennith,klorenzettiha@hao123.com,94.23.138.173
629,Souza, Michel,msouzahg@sakura.ne.jp,109.173.124.6
631,Stroyan, Valerye,vstroyanhi@cbslocal.com,150.58.71.72
633,Danelutti, Dodie,ddaneluttihk@hatena.ne.jp,13.136.41.239
639,McIlwaine, Bridie,bmcilwainehq@about.com,213.152.198.143
643,Yorath, Leone,lyorathhu@sina.com.cn,105.61.48.152
645,Ledwitch, Silvia,sledwitchhw@prlog.org,104.235.247.248
647,Skottle, Tiertza,tskottlehy@domainmarket.com,219.63.183.221
651,Baignard, Kalli,kbaignardi2@squarespace.com,160.246.2.253
653,Beadles, Ryann,rbeadlesi4@netvibes.com,115.51.105.105
657,Morphet, Sukey,smorpheti8@cbsnews.com,42.245.175.230
663,Conkay, Lexis,lconkayie@xinhuanet.com,20.125.124.108
665,MacDiarmid, Meridel,mmacdiarmidig@amazon.co.jp,73.192.189.69
667,Hurry, Kirsti,khurryii@google.es,203.165.123.180
669,Tanfield, Georgette,gtanfieldik@google.fr,117.237.227.117
671,Shilito, Emmeline,eshilitoim@eepurl.com,227.38.25.87
679,Gorries, Diann,dgorriesiu@trellian.com,84.69.199.121
681,Peare, Danila,dpeareiw@home.pl,46.106.124.155
685,Wickson, Roseline,rwicksonj0@amazon.co.uk,55.9.93.176
687,Van den Velde, Bernadette,bvandenveldej2@g.co,228.151.234.204
689,Hurtic, Courtnay,churticj4@weibo.com,202.194.98.212
693,Fonzo, Suzanna,sfonzoj8@sciencedaily.com,75.100.137.237
697,Bonnar, Wes,wbonnarjc@hc360.com,56.12.81.136
701,Jacobs, Luisa,ljacobsjg@chron.com,51.235.232.27
709,Gaul, Teri,tgauljo@census.gov,215.219.128.222
715,Towell, Janot,jtowellju@upenn.edu,184.18.75.42
717,Aylwin, Arabele,aaylwinjw@last.fm,238.137.236.78
719,Klimentov, Isahella,iklimentovjy@netvibes.com,4.25.78.123
721,Sedgemore, Becka,bsedgemorek0@canalblog.com,248.167.25.208
725,Hinkes, Alberta,ahinkesk4@cocolog-nifty.com,143.69.232.102
729,Bowley, Kakalina,kbowleyk8@squidoo.com,220.70.57.120
737,Sleightholme, Daniela,dsleightholmekg@yelp.com,18.152.102.184
739,Steddall, Barrett,bsteddallki@wordpress.com,130.162.8.118
741,Meys, Bibbye,bmeyskk@geocities.jp,188.137.164.247
743,Freschini, Stacee,sfreschinikm@archive.org,77.111.75.57
749,McQuarter, Brandi,bmcquarterks@google.ru,151.53.162.103
755,Maling, Willow,wmalingky@squarespace.com,81.228.117.240
757,Sex, Henriette,hsexl0@instagram.com,68.62.26.197
763,Stracey, Dorelle,dstraceyl6@irs.gov,124.193.228.165
767,Vedenichev, Wren,wvedenichevla@tamu.edu,121.223.117.182
771,Alanbrooke, Clem,calanbrookele@hexun.com,139.48.192.160
773,Hickinbottom, Nari,nhickinbottomlg@xinhuanet.com,84.191.206.224
777,Rizzotto, Casey,crizzottolk@arstechnica.com,230.92.195.213
779,Lerwell, Adriaens,alerwelllm@rediff.com,125.249.68.240
781,Heaphy, Lynnet,lheaphylo@unblog.fr,49.88.208.142
783,Jarrold, Alla,ajarroldlq@virginia.edu,31.28.156.244
787,Gaddas, Elias,egaddaslu@hostgator.com,127.218.114.204
791,Bugge, Meridel,mbuggely@furl.net,62.143.25.56
793,McCraw, Karin,kmccrawm0@gmpg.org,222.189.250.186
803,Percy, Inge,ipercyma@ameblo.jp,198.13.232.209
805,Filyashin, Felisha,ffilyashinmc@utexas.edu,106.197.18.57
807,Altamirano, Ailene,aaltamiranome@va.gov,204.207.58.100
811,Wiltshear, Marcy,mwiltshearmi@npr.org,128.129.247.15
813,Donnett, Anson,adonnettmk@ucoz.ru,7.0.38.185
815,Weed, Ximenez,xweedmm@nymag.com,163.222.25.223
817,Gligoraci, Yolane,ygligoracimo@is.gd,13.229.140.154
819,Dimmer, Cassandry,cdimmermq@e-recht24.de,136.92.217.19
821,Kinkaid, Kellina,kkinkaidms@bandcamp.com,202.79.160.174
823,Caress, Tandi,tcaressmu@histats.com,98.169.234.203
825,Trevers, Hanni,htreversmw@gov.uk,99.143.74.15
829,Adshad, Quinn,qadshadn0@paginegialle.it,62.229.245.127
831,Curlis, Manya,mcurlisn2@163.com,152.30.138.234
833,Klezmski, Demetria,dklezmskin4@timesonline.co.uk,145.224.143.208
837,Cornil, Gladys,gcorniln8@bloomberg.com,26.65.6.130
839,Pycock, Malorie,mpycockna@springer.com,81.72.151.184
843,Gaitskill, Gretta,ggaitskillne@home.pl,180.80.123.15
845,Wix, Verla,vwixng@sourceforge.net,155.5.92.160
849,Tythacott, Angele,atythacottnk@reference.com,186.6.104.234
861,Grason, Allyce,agrasonnw@discuz.net,156.60.41.18
863,Rodden, Tedra,troddenny@harvard.edu,117.5.39.109
865,Punchard, Marjory,mpunchardo0@skyrock.com,125.246.62.142
867,Grattan, Carley,cgrattano2@paginegialle.it,11.51.166.155
869,Bertram, Doralia,dbertramo4@mozilla.org,101.220.168.164
873,Mayers, Arlyne,amayerso8@opera.com,245.148.60.158
875,Melmoth, Abigael,amelmothoa@techcrunch.com,113.163.43.234
877,Squirrel, Janeva,jsquirreloc@angelfire.com,254.219.153.216
881,Rydeard, Karee,krydeardog@sohu.com,225.173.43.206
889,Probet, Layney,lprobetoo@china.com.cn,159.29.42.122
895,Whitford, Cheryl,cwhitfordou@yahoo.co.jp,226.45.114.163
899,Thonger, Shelagh,sthongeroy@hexun.com,225.73.201.221
901,Southcombe, Clarabelle,csouthcombep0@seesaa.net,162.198.64.196
903,McSkin, Myrah,mmcskinp2@dropbox.com,65.153.169.114
905,Gaughan, Carita,cgaughanp4@chron.com,192.107.11.205
907,Giffen, Damaris,dgiffenp6@fotki.com,88.246.227.148
909,Melvin, Cathyleen,cmelvinp8@bandcamp.com,17.63.168.211
913,Tallboy, Catriona,ctallboypc@squarespace.com,206.12.138.104
915,Bauer, Toinette,tbauerpe@sogou.com,104.87.39.73
917,MacGettigen, Jacquetta,jmacgettigenpg@epa.gov,197.28.13.166
919,McKerton, Ardis,amckertonpi@vk.com,106.133.120.31
921,Vanacci, Beitris,bvanaccipk@nasa.gov,86.118.209.48
925,Gosker, Demeter,dgoskerpo@etsy.com,54.164.17.205
927,Ryall, Sascha,sryallpq@altervista.org,75.242.136.162
929,Catterson, Carlen,ccattersonps@facebook.com,29.247.104.112
931,Ornells, Janelle,jornellspu@google.com.hk,159.57.154.108
933,Andrich, Crystal,candrichpw@examiner.com,186.79.65.77
935,Pakenham, Shell,spakenhampy@mediafire.com,2.216.184.196
939,Stoffers, Analise,astoffersq2@mac.com,176.243.94.41
947,Kenson, Vonnie,vkensonqa@google.co.jp,97.3.153.70
949,Aspinell, Jessamine,jaspinellqc@yellowbook.com,64.116.154.57
951,Schole, Henryetta,hscholeqe@pen.io,163.18.201.182
959,Amberg, Michele,mambergqm@multiply.com,56.194.241.9
961,Glendenning, Bobbye,bglendenningqo@comcast.net,106.64.127.242
967,Corneck, Danni,dcorneckqu@about.com,64.73.96.180
969,Cullagh, Bobbi,bcullaghqw@va.gov,39.4.178.39
977,McCreath, Lauri,lmccreathr4@thetimes.co.uk,220.209.132.245
979,Darinton, Adel,adarintonr6@aboutads.info,100.53.95.239
981,Rudgley, Davine,drudgleyr8@buzzfeed.com,179.225.15.40
987,Thirst, Rikki,rthirstre@pen.io,153.181.90.70
989,Sheppey, Dinny,dsheppeyrg@mashable.com,1.70.4.165
991,Gonnel, Vikky,vgonnelri@sciencedaily.com,155.122.214.182
993,Kays, Becca,bkaysrk@over-blog.com,193.35.134.134
995,Hebbron, Jamie,jhebbronrm@china.com.cn,76.182.115.49
999,Bunney, Walliw,wbunneyrq@salon.com,66.159.168.146
