id,first_name,last_name,email,gender,ip_address
1,Patric,Barz,pbarz0@reuters.com,Male,186.236.192.25
2,Oswald,Daudray,odaudray1@exblog.jp,Male,136.156.111.147
3,Creighton,Spataro,cspataro2@macromedia.com,Male,46.227.214.133
4,Sybyl,Feedham,sfeedham3@sfgate.com,Female,223.252.237.52
5,Briney,Elie,belie4@nyu.edu,Female,164.108.53.166
6,Cosme,Worvell,cworvell5@goo.ne.jp,Male,59.72.218.222
7,Nicol,Macourek,nmacourek6@behance.net,Female,103.175.130.40
8,Joshua,Merriton,jmerriton7@statcounter.com,Male,20.111.137.148
9,Reinold,Soloway,rsoloway8@phoca.cz,Male,149.99.14.75
10,Nevins,Traynor,ntraynor9@example.com,Male,77.201.253.241
11,Cecile,Glynn,cglynna@umich.edu,Female,115.100.213.150
12,Deana,Smolan,dsmolanb@homestead.com,Bigender,131.41.188.178
13,Tull,Hollows,thollowsc@etsy.com,Male,227.140.225.150
14,Alyss,Jachimiak,ajachimiakd@domainmarket.com,Female,41.220.194.172
15,Nealon,Hazley,nhazleye@jiathis.com,Male,78.84.219.206
16,Welby,Maystone,wmaystonef@linkedin.com,Male,121.37.43.136
17,Hannis,Gaynes,hgaynesg@geocities.jp,Female,175.225.10.246
18,Arman,Mennear,amennearh@telegraph.co.uk,Genderqueer,67.136.212.250
19,Brent,Anster,bansteri@clickbank.net,Male,241.155.160.197
20,Eustacia,Warke,ewarkej@umich.edu,Female,179.47.37.58
21,Amberly,MacMichael,amacmichaelk@shop-pro.jp,Genderqueer,206.225.145.13
22,Elisabetta,Chree,echreel@yale.edu,Female,94.87.125.111
23,Shelby,O'Carrol,socarrolm@webeden.co.uk,Male,34.113.162.219
24,Francyne,Scrowston,fscrowstonn@paypal.com,Female,121.0.179.17
25,Bax,Burburough,bburburougho@icq.com,Male,23.172.124.183
26,Tobit,Chat,tchatp@hhs.gov,Male,11.177.70.185
27,Jessie,Howford,jhowfordq@sogou.com,Male,92.157.20.5
28,Erna,Worrall,eworrallr@ifeng.com,Agender,7.155.134.161
29,Alfonso,Waszczykowski,awaszczykowskis@usatoday.com,Male,32.163.42.92
30,Artie,Ketts,akettst@rakuten.co.jp,Male,214.75.141.192
31,Darn,Hatz,dhatzu@webeden.co.uk,Male,31.197.232.34
32,Tuck,Vonderdell,tvonderdellv@tuttocitta.it,Male,53.225.92.175
33,Herman,Roblou,hroblouw@last.fm,Male,53.230.114.13
34,Nessi,Bugbird,nbugbirdx@huffingtonpost.com,Female,190.118.171.148
35,Ilse,Dutch,idutchy@ted.com,Female,155.159.26.233
36,Barret,Caroline,bcarolinez@behance.net,Male,1.188.121.147
37,Cathie,Gillbey,cgillbey10@usgs.gov,Female,83.243.35.67
38,Maximilian,Longwood,mlongwood11@liveinternet.ru,Male,209.61.246.249
39,Munroe,MacCleay,mmaccleay12@cisco.com,Male,0.118.111.203
40,Pris,Dominy,pdominy13@mozilla.org,Non-binary,107.97.62.141
41,Penny,Kynsey,pkynsey14@dailymotion.com,Female,26.32.168.248
42,Nerita,Gaines,ngaines15@bing.com,Polygender,41.6.224.184
43,Zea,Royds,zroyds16@about.com,Female,255.0.115.251
44,Vida,Trevaskis,vtrevaskis17@smh.com.au,Female,119.108.33.3
45,Celeste,Lenham,clenham18@delicious.com,Female,143.231.147.81
46,Kimberlee,Kilborn,kkilborn19@ibm.com,Female,230.23.21.105
47,Reena,Montilla,rmontilla1a@furl.net,Female,90.33.237.9
48,Jory,Dutton,jdutton1b@japanpost.jp,Male,242.59.119.192
49,Conney,Lottrington,clottrington1c@ucoz.com,Male,176.160.134.85
50,Otha,Files,ofiles1d@ft.com,Female,99.150.134.250
51,Jacquelyn,Tower,jtower1e@netvibes.com,Female,158.122.142.165
52,Nicky,Littlechild,nlittlechild1f@hexun.com,Female,60.232.137.163
53,Moore,Leverington,mleverington1g@state.tx.us,Male,237.51.85.89
54,Gabriella,Fellon,gfellon1h@apple.com,Female,61.224.237.29
55,Poul,Manuaud,pmanuaud1i@economist.com,Male,229.30.129.178
56,Charlotta,Mortlock,cmortlock1j@virginia.edu,Female,141.68.170.78
57,Sebastien,Farrington,sfarrington1k@stanford.edu,Male,135.172.46.181
58,Werner,Karpe,wkarpe1l@themeforest.net,Male,127.214.132.238
59,Trisha,Whiten,twhiten1m@usnews.com,Female,7.57.29.50
60,Ari,Harron,aharron1n@free.fr,Male,172.47.249.3
61,Laurene,Andreia,landreia1o@booking.com,Non-binary,126.209.238.54
62,Nanon,Kenyon,nkenyon1p@ask.com,Female,89.106.133.241
63,Barby,Kestin,bkestin1q@geocities.jp,Female,171.210.13.73
64,Andras,Dawnay,adawnay1r@live.com,Agender,80.223.141.183
65,Tommie,Weatherell,tweatherell1s@usatoday.com,Female,140.242.206.245
66,Lin,Jiroutka,ljiroutka1t@geocities.com,Male,26.119.8.20
67,Geri,Gouth,ggouth1u@java.com,Female,160.143.46.211
68,Shawnee,Doole,sdoole1v@businessweek.com,Female,152.205.203.138
69,Daveta,Offa,doffa1w@google.ru,Female,190.158.79.14
70,Farah,Teideman,fteideman1x@deliciousdays.com,Agender,113.124.170.161
71,Stephan,Imort,simort1y@cisco.com,Male,193.206.246.104
72,Terrill,Channing,tchanning1z@mysql.com,Male,158.203.218.130
73,Wilow,Pignon,wpignon20@boston.com,Female,35.109.62.153
74,Dorita,Caldicott,dcaldicott21@w3.org,Female,207.170.146.246
75,Ardenia,Greenstead,agreenstead22@aol.com,Female,119.60.237.73
76,Ursola,Vatcher,uvatcher23@paypal.com,Female,176.90.224.207
77,Lyell,Pinniger,lpinniger24@dagondesign.com,Non-binary,40.179.66.8
78,Francisco,Coite,fcoite25@ustream.tv,Male,81.31.241.120
79,Imelda,Dake,idake26@psu.edu,Female,171.90.80.167
80,Roselle,Clews,rclews27@myspace.com,Female,198.44.207.245
81,Nikki,Weaving,nweaving28@infoseek.co.jp,Male,151.218.59.139
82,Katinka,Jaimez,kjaimez29@tamu.edu,Female,82.240.225.220
83,Briney,Gencke,bgencke2a@bing.com,Female,71.196.204.249
84,Collie,Copes,ccopes2b@illinois.edu,Female,160.188.35.183
85,Marsh,MacCoveney,mmaccoveney2c@ucoz.com,Male,102.86.252.237
86,Darell,Wisedale,dwisedale2d@slashdot.org,Non-binary,204.124.245.221
87,Kamillah,Morecombe,kmorecombe2e@nsw.gov.au,Female,215.32.251.44
88,Anne,Ketteman,aketteman2f@drupal.org,Non-binary,169.239.93.129
89,Guthry,Wort,gwort2g@github.io,Male,95.17.207.26
90,Sylvan,Sprigging,ssprigging2h@liveinternet.ru,Male,19.238.94.4
91,Dyna,McIllroy,dmcillroy2i@drupal.org,Female,117.232.143.164
92,Lothaire,Giamitti,lgiamitti2j@sina.com.cn,Non-binary,197.113.252.94
93,Lenee,Lempel,llempel2k@posterous.com,Female,152.71.143.104
94,Colet,Cherrie,ccherrie2l@newsvine.com,Genderfluid,19.192.55.195
95,Aaren,Bellamy,abellamy2m@wisc.edu,Female,193.19.204.119
96,Noah,Dimond,ndimond2n@virginia.edu,Male,188.237.179.104
97,Dermot,Gillopp,dgillopp2o@ebay.co.uk,Male,214.26.159.177
98,Reagen,Maryska,rmaryska2p@dailymail.co.uk,Male,114.176.35.195
99,Hollie,Biddwell,hbiddwell2q@pen.io,Female,46.176.111.75
100,Auberon,Snashall,asnashall2r@msn.com,Male,223.181.186.171
101,Hugues,Russon,hrusson2s@github.com,Male,84.69.6.223
102,Nathanil,Lindstedt,nlindstedt2t@yahoo.co.jp,Male,33.19.201.30
103,Branden,Stedell,bstedell2u@cocolog-nifty.com,Male,111.154.89.49
104,Daphene,Locker,dlocker2v@theatlantic.com,Female,223.170.190.255
105,Hilary,Beever,hbeever2w@unc.edu,Male,253.30.141.213
106,Elias,Lavrick,elavrick2x@fotki.com,Male,4.112.220.96
107,Rivi,Potbury,rpotbury2y@google.pl,Female,181.172.84.79
108,Consuelo,Sijmons,csijmons2z@parallels.com,Female,140.174.142.120
109,Wendall,Easterling,weasterling30@cam.ac.uk,Genderfluid,216.227.162.59
110,Justis,Rivlin,jrivlin31@nbcnews.com,Male,17.233.248.241
111,Merrill,Chezier,mchezier32@mlb.com,Male,36.141.156.34
112,Estelle,Mowne,emowne33@elegantthemes.com,Female,89.90.138.36
113,Nert,Mountjoy,nmountjoy34@sfgate.com,Female,157.22.130.44
114,Obadias,Harome,oharome35@huffingtonpost.com,Male,157.27.127.135
115,Agosto,Aumerle,aaumerle36@wiley.com,Male,37.89.191.190
116,Myles,Clavey,mclavey37@dmoz.org,Male,204.156.21.94
117,Reba,Cristofor,rcristofor38@surveymonkey.com,Female,254.48.167.241
118,Joyan,Barnewell,jbarnewell39@wp.com,Genderqueer,251.100.10.247
119,Lilla,Janowski,ljanowski3a@spiegel.de,Female,127.120.39.161
120,Zaccaria,Botterman,zbotterman3b@illinois.edu,Male,235.109.99.114
121,Brita,Rudwell,brudwell3c@howstuffworks.com,Polygender,36.164.130.101
122,Francyne,Brockley,fbrockley3d@newsvine.com,Female,38.81.178.37
123,Bonny,Grishukov,bgrishukov3e@github.io,Female,129.45.190.11
124,Charil,Crummay,ccrummay3f@lulu.com,Female,204.170.167.73
125,Colan,Winchester,cwinchester3g@bbb.org,Male,228.247.210.249
126,Kailey,Gerleit,kgerleit3h@sbwire.com,Female,5.204.176.91
127,Hilton,Hallett,hhallett3i@list-manage.com,Male,211.35.162.70
128,Allianora,Merrgen,amerrgen3j@rakuten.co.jp,Non-binary,37.107.54.84
129,Arte,Thorneloe,athorneloe3k@guardian.co.uk,Polygender,166.127.109.83
130,Erskine,Morgue,emorgue3l@drupal.org,Male,90.40.42.34
131,Janka,Mereweather,jmereweather3m@t.co,Female,5.9.223.90
132,Albie,Adrianello,aadrianello3n@godaddy.com,Male,231.12.57.45
133,Griffith,Baumler,gbaumler3o@constantcontact.com,Male,86.124.37.40
134,Letta,Duffil,lduffil3p@engadget.com,Agender,79.213.219.225
135,Zelig,Whoolehan,zwhoolehan3q@army.mil,Male,212.75.4.217
136,Moreen,Chittie,mchittie3r@nba.com,Female,211.136.242.216
137,Janaye,Ahrend,jahrend3s@deliciousdays.com,Female,71.25.233.186
138,Jaynell,Huscroft,jhuscroft3t@hexun.com,Genderqueer,244.141.132.247
139,Seth,Ficken,sficken3u@gizmodo.com,Male,154.138.28.161
140,Willy,Isitt,wisitt3v@eepurl.com,Male,2.67.230.136
141,Waverley,Shemilt,wshemilt3w@nasa.gov,Male,159.105.77.120
142,Lula,Tal,ltal3x@whitehouse.gov,Female,127.247.136.130
143,Genny,Everly,geverly3y@123-reg.co.uk,Female,90.134.39.94
144,Darleen,Beckworth,dbeckworth3z@go.com,Female,163.147.174.10
145,Daveta,Ference,dference40@bandcamp.com,Female,188.249.127.69
146,Karry,Sinton,ksinton41@hc360.com,Female,169.143.227.202
147,Paul,Insworth,pinsworth42@newyorker.com,Male,61.254.46.200
148,Randy,Lowle,rlowle43@webmd.com,Male,140.82.194.224
149,Sib,Symondson,ssymondson44@topsy.com,Female,126.153.222.28
150,Mable,Putten,mputten45@histats.com,Female,199.189.38.74
151,Germain,D'Hooge,gdhooge46@infoseek.co.jp,Female,244.119.243.58
152,Farand,Gerg,fgerg47@toplist.cz,Female,194.126.206.203
153,Merrilee,Greson,mgreson48@elpais.com,Female,178.248.84.203
154,Darbee,Kelleway,dkelleway49@geocities.com,Agender,22.154.36.136
155,Galven,Fern,gfern4a@soundcloud.com,Male,28.155.36.119
156,Terrill,Foxall,tfoxall4b@odnoklassniki.ru,Male,132.99.153.10
157,Zachary,Ride,zride4c@time.com,Male,32.113.61.19
158,Darcy,Zoellner,dzoellner4d@pinterest.com,Male,61.250.193.232
159,Christalle,Ferraro,cferraro4e@sbwire.com,Female,220.91.9.93
160,Meg,Fishby,mfishby4f@behance.net,Female,233.108.28.229
161,Cheslie,Blackshaw,cblackshaw4g@mlb.com,Female,17.204.244.37
162,Dehlia,Thorburn,dthorburn4h@oracle.com,Female,153.118.197.87
163,Alyosha,Lidgate,alidgate4i@infoseek.co.jp,Polygender,139.241.104.4
164,Cly,Pretley,cpretley4j@archive.org,Male,184.200.202.180
165,Niko,Burner,nburner4k@answers.com,Male,19.16.169.117
166,Umberto,Trowler,utrowler4l@hubpages.com,Genderfluid,118.228.23.228
167,Stephana,Cruddas,scruddas4m@ezinearticles.com,Female,206.205.156.141
168,Iolande,Maiden,imaiden4n@friendfeed.com,Female,92.65.176.0
169,Dniren,Jeskin,djeskin4o@springer.com,Female,190.17.70.193
170,Ximenez,MacCheyne,xmaccheyne4p@smugmug.com,Male,208.67.18.104
171,Tabb,Jessep,tjessep4q@theguardian.com,Non-binary,185.198.145.206
172,Elladine,Whaley,ewhaley4r@economist.com,Female,207.101.56.21
173,Nathanil,Mathys,nmathys4s@imgur.com,Male,172.215.30.186
174,Jamie,Rennox,jrennox4t@abc.net.au,Male,179.24.149.176
175,Fleming,De Maine,fdemaine4u@google.ca,Male,42.247.245.23
176,Lyssa,Ginnane,lginnane4v@npr.org,Agender,150.134.206.95
177,Adriena,Turpie,aturpie4w@parallels.com,Female,19.18.213.248
178,Shawn,O'Heagertie,soheagertie4x@phpbb.com,Female,140.162.188.168
179,Cyrill,Tonsley,ctonsley4y@google.it,Male,210.6.49.117
180,Huey,Fane,hfane4z@nih.gov,Male,97.254.33.213
181,Betta,Matveiko,bmatveiko50@barnesandnoble.com,Female,205.254.35.54
182,Leighton,Sholem,lsholem51@earthlink.net,Male,73.6.254.83
183,Shela,Simmens,ssimmens52@123-reg.co.uk,Genderfluid,245.29.148.246
184,Staffard,Shannahan,sshannahan53@weather.com,Male,143.69.151.14
185,Damien,Patience,dpatience54@ihg.com,Male,173.245.56.236
186,Gradeigh,Hatchett,ghatchett55@dot.gov,Male,78.87.14.168
187,Deva,Ketchaside,dketchaside56@yolasite.com,Female,23.132.124.161
188,Evita,Perfect,eperfect57@sun.com,Female,228.253.170.156
189,Violette,Chstney,vchstney58@liveinternet.ru,Female,239.235.71.104
190,Forrest,Maharry,fmaharry59@europa.eu,Male,44.227.74.191
191,Ferdinande,Westmerland,fwestmerland5a@ox.ac.uk,Female,255.179.207.175
192,Nils,Liveing,nliveing5b@angelfire.com,Male,152.95.44.29
193,Jelene,Laydel,jlaydel5c@slideshare.net,Female,102.151.43.151
194,Noe,Motte,nmotte5d@etsy.com,Male,150.77.255.141
195,Samara,Robinett,srobinett5e@acquirethisname.com,Female,8.244.249.16
196,Christophe,Scadding,cscadding5f@mashable.com,Male,141.125.97.26
197,Tana,O'Currigan,tocurrigan5g@sphinn.com,Female,156.217.27.84
198,Annadiana,Hambridge,ahambridge5h@zimbio.com,Female,49.186.17.170
199,Giraldo,Von Salzberg,gvonsalzberg5i@printfriendly.com,Male,50.195.42.101
200,Walther,Swaysland,wswaysland5j@liveinternet.ru,Male,223.19.208.227
201,Caldwell,Playhill,cplayhill5k@dropbox.com,Male,195.177.48.192
202,Pascal,Hadny,phadny5l@vimeo.com,Male,116.112.158.155
203,Grove,Doreward,gdoreward5m@e-recht24.de,Male,2.104.47.53
204,Butch,Giorgietto,bgiorgietto5n@chron.com,Male,246.116.82.148
205,Vickie,Alesbrook,valesbrook5o@tamu.edu,Polygender,21.118.174.29
206,Deeyn,Luno,dluno5p@canalblog.com,Female,252.89.242.33
207,Berton,Hinemoor,bhinemoor5q@wikispaces.com,Male,44.157.142.101
208,Nat,Camp,ncamp5r@purevolume.com,Polygender,192.221.103.39
209,Inger,Pillman,ipillman5s@mashable.com,Male,43.56.233.161
210,Karlotta,Halford,khalford5t@omniture.com,Female,100.35.237.21
211,Terencio,Marciek,tmarciek5u@youku.com,Male,215.127.159.1
212,Ariela,Downing,adowning5v@home.pl,Female,149.98.190.151
213,Jaquenette,Oliphard,joliphard5w@sogou.com,Bigender,12.79.56.214
214,Robyn,Vittore,rvittore5x@ucsd.edu,Female,119.190.139.108
215,Tabb,Martusewicz,tmartusewicz5y@w3.org,Male,113.104.62.137
216,Vittorio,Lippi,vlippi5z@icq.com,Male,105.17.46.201
217,Calvin,Robertson,crobertson60@nature.com,Male,232.164.119.232
218,Constancy,Phant,cphant61@usa.gov,Female,198.100.130.203
219,Gerome,Avesque,gavesque62@unicef.org,Male,34.109.193.123
220,Krispin,Hayselden,khayselden63@biblegateway.com,Male,224.40.152.180
221,Jillene,Polendine,jpolendine64@dagondesign.com,Female,93.37.58.23
222,Egbert,Thomas,ethomas65@independent.co.uk,Male,254.96.248.243
223,Damon,McSwan,dmcswan66@dailymotion.com,Male,8.151.231.197
224,Elisha,Conradie,econradie67@cmu.edu,Male,247.193.39.73
225,Janeta,Moreinis,jmoreinis68@edublogs.org,Female,0.243.50.95
226,Jorrie,McAneny,jmcaneny69@house.gov,Female,174.97.134.102
227,Ariadne,Mapplebeck,amapplebeck6a@rakuten.co.jp,Female,95.131.79.77
228,Vivyan,Asprey,vasprey6b@miitbeian.gov.cn,Female,139.153.231.11
229,Caleb,Streak,cstreak6c@salon.com,Genderqueer,235.201.181.225
230,Josephina,Iliff,jiliff6d@storify.com,Female,240.192.56.40
231,Sadye,Hambatch,shambatch6e@skyrock.com,Female,58.216.206.49
232,Laverna,Odom,lodom6f@sfgate.com,Female,1.146.139.51
233,Aleta,Schooling,aschooling6g@skyrock.com,Female,180.52.88.154
234,Olivier,Skynner,oskynner6h@privacy.gov.au,Male,78.204.26.170
235,Moyna,Fuster,mfuster6i@lycos.com,Female,8.48.142.143
236,Ross,Pencost,rpencost6j@amazon.co.jp,Male,114.44.68.75
237,Harli,Spellissy,hspellissy6k@imageshack.us,Female,34.7.8.181
238,Odie,McPhelimey,omcphelimey6l@icio.us,Male,42.19.253.74
239,Justus,Bonnin,jbonnin6m@nyu.edu,Genderfluid,9.56.154.251
240,Obadiah,Grisenthwaite,ogrisenthwaite6n@google.co.jp,Genderfluid,19.122.174.45
241,Alvy,Stead,astead6o@pbs.org,Male,123.106.139.4
242,Sarette,Hughes,shughes6p@examiner.com,Female,122.8.87.167
243,Niven,Baulch,nbaulch6q@wufoo.com,Male,100.162.188.195
244,Klemens,Kerner,kkerner6r@businessweek.com,Male,116.71.236.9
245,Erich,Elfleet,eelfleet6s@samsung.com,Male,30.155.60.221
246,Aurelia,Elvey,aelvey6t@upenn.edu,Female,138.98.103.65
247,Catharine,Brougham,cbrougham6u@guardian.co.uk,Genderfluid,242.74.96.54
248,Rois,Thunderchief,rthunderchief6v@tinyurl.com,Genderfluid,139.200.57.221
249,Gal,Fortoun,gfortoun6w@dmoz.org,Male,160.240.247.191
250,Hedvige,Dy,hdy6x@rambler.ru,Female,82.233.243.131
251,Curt,McMichan,cmcmichan6y@drupal.org,Male,180.46.157.129
252,Susanna,Parfrey,sparfrey6z@shutterfly.com,Female,28.115.69.190
253,Dani,Leward,dleward70@bbb.org,Male,4.37.36.194
254,Debora,Pownall,dpownall71@elegantthemes.com,Female,73.38.29.33
255,Carolynn,Rolance,crolance72@altervista.org,Female,21.192.90.141
256,Camel,Olliff,colliff73@list-manage.com,Female,154.205.101.115
257,Edik,Moland,emoland74@cpanel.net,Male,254.51.123.11
258,Brooks,Reisen,breisen75@howstuffworks.com,Female,193.3.130.61
259,Ofelia,Castleman,ocastleman76@google.co.uk,Female,230.148.93.180
260,Tabina,Buckoke,tbuckoke77@geocities.com,Female,77.171.67.198
261,Ernest,McPolin,emcpolin78@chicagotribune.com,Male,173.159.125.57
262,Terri,Hedde,thedde79@taobao.com,Female,238.51.112.74
263,Bo,Dellenbrok,bdellenbrok7a@ed.gov,Male,87.123.63.114
264,Rochell,Reimers,rreimers7b@pagesperso-orange.fr,Female,212.10.22.8
265,Clemmie,Challener,cchallener7c@spotify.com,Female,105.204.251.20
266,Reinaldos,Dabnor,rdabnor7d@blogger.com,Male,241.255.58.100
267,Terra,Salatino,tsalatino7e@prweb.com,Female,207.195.195.195
268,Claudian,MacVanamy,cmacvanamy7f@weather.com,Male,171.112.177.62
269,Saleem,Ucchino,succhino7g@marketwatch.com,Male,39.159.133.8
270,Giulia,Tabour,gtabour7h@gov.uk,Female,85.238.99.155
271,Grantley,Bevens,gbevens7i@chron.com,Male,253.224.241.188
272,Elset,Hendrick,ehendrick7j@live.com,Female,43.95.205.214
273,Hirsch,Alexandrou,halexandrou7k@moonfruit.com,Male,151.130.43.67
274,Bettine,Blewett,bblewett7l@spotify.com,Female,21.44.19.163
275,Hyacinthia,Filippi,hfilippi7m@toplist.cz,Female,143.242.176.189
276,Annaliese,Bointon,abointon7n@reference.com,Female,84.55.205.70
277,Bernhard,Tidd,btidd7o@yellowpages.com,Male,169.234.98.107
278,Jourdain,Tailby,jtailby7p@globo.com,Male,188.188.58.78
279,Sibelle,Orto,sorto7q@tinypic.com,Female,5.103.90.190
280,Melessa,Pessolt,mpessolt7r@instagram.com,Female,131.28.185.85
281,Kenton,Kempster,kkempster7s@dailymail.co.uk,Non-binary,76.170.229.63
282,Concordia,Fluck,cfluck7t@behance.net,Female,26.183.35.104
283,Nikolaos,Kernar,nkernar7u@histats.com,Male,246.209.190.91
284,Veronica,Cooksey,vcooksey7v@last.fm,Female,24.33.200.206
285,Edyth,Fishlee,efishlee7w@dyndns.org,Agender,64.187.171.79
286,Yankee,Naisbet,ynaisbet7x@desdev.cn,Male,222.225.34.198
287,Sterne,Chrisp,schrisp7y@technorati.com,Male,69.126.79.63
288,Brandon,Jaskowicz,bjaskowicz7z@amazon.com,Male,179.22.6.82
289,Jyoti,Fortey,jfortey80@php.net,Female,42.206.39.115
290,Floyd,Caskie,fcaskie81@yale.edu,Male,117.212.205.43
291,Nicholas,Clemensen,nclemensen82@ca.gov,Male,48.70.102.124
292,Norris,Child,nchild83@sogou.com,Male,165.145.134.135
293,Nichols,Bittleson,nbittleson84@php.net,Male,108.146.184.94
294,Oralle,Milbank,omilbank85@imgur.com,Female,23.68.51.113
295,Virgil,Lafrentz,vlafrentz86@gov.uk,Male,114.234.222.51
296,Riccardo,Marchiso,rmarchiso87@aboutads.info,Male,149.133.225.244
297,Niven,Dickerson,ndickerson88@qq.com,Male,105.140.200.209
298,Nick,Harrad,nharrad89@mlb.com,Male,114.197.120.105
299,Sybilla,Tretter,stretter8a@hubpages.com,Female,110.14.154.117
300,Charmian,Macia,cmacia8b@epa.gov,Female,118.33.40.174
301,Emanuele,Maxwell,emaxwell8c@apache.org,Male,212.191.120.133
302,Booth,Fortman,bfortman8d@webeden.co.uk,Male,234.70.95.6
303,Cymbre,Mawditt,cmawditt8e@hc360.com,Female,75.131.215.128
304,Coralyn,Brearley,cbrearley8f@posterous.com,Female,52.6.64.173
305,Ray,Danilevich,rdanilevich8g@xing.com,Male,123.187.72.49
306,Kiah,Mcwhinney,kmcwhinney8h@spiegel.de,Female,217.150.251.3
307,Marcello,Guinness,mguinness8i@harvard.edu,Male,125.80.221.35
308,Arlina,Wreath,awreath8j@mozilla.com,Female,167.26.36.191
309,Fancy,Cowland,fcowland8k@cbc.ca,Female,137.108.249.12
310,Caryn,Croydon,ccroydon8l@miibeian.gov.cn,Female,61.52.31.94
311,Adan,Whiley,awhiley8m@barnesandnoble.com,Male,170.124.152.163
312,Selinda,Culkin,sculkin8n@weibo.com,Female,179.133.150.134
313,Tobe,Savil,tsavil8o@godaddy.com,Female,244.109.182.137
314,Cathleen,Few,cfew8p@admin.ch,Female,227.153.35.217
315,Seward,Eliot,seliot8q@google.de,Male,67.26.165.140
316,Massimo,Pritchett,mpritchett8r@epa.gov,Male,50.35.55.121
317,Ricard,Landsbury,rlandsbury8s@google.pl,Male,37.244.80.4
318,Matty,Vaun,mvaun8t@cam.ac.uk,Male,92.35.72.163
319,Carry,Burdfield,cburdfield8u@ocn.ne.jp,Non-binary,101.168.200.187
320,Lauryn,Shropshire,lshropshire8v@slashdot.org,Female,144.124.82.59
321,Alexander,Golding,agolding8w@fc2.com,Male,159.4.93.11
322,Pooh,Wyper,pwyper8x@zdnet.com,Non-binary,242.28.2.208
323,Blair,Godmar,bgodmar8y@alexa.com,Female,95.177.1.153
324,Mic,Durgan,mdurgan8z@typepad.com,Male,40.24.47.68
325,Nerte,Malinson,nmalinson90@webmd.com,Polygender,161.87.190.17
326,Mel,Hazeldean,mhazeldean91@cloudflare.com,Male,196.42.218.78
327,Hailee,Mees,hmees92@cpanel.net,Female,11.120.30.135
328,Starlin,Sibthorpe,ssibthorpe93@php.net,Female,216.64.242.255
329,Crawford,Yaneev,cyaneev94@bloglovin.com,Male,169.24.213.87
330,Esma,Longhirst,elonghirst95@booking.com,Female,171.171.245.226
331,Wait,Ambrogelli,wambrogelli96@fastcompany.com,Male,200.205.0.32
332,Val,Hans,vhans97@oaic.gov.au,Male,162.149.229.17
333,Hurlee,Benninck,hbenninck98@telegraph.co.uk,Male,9.101.217.82
334,Aaren,Smaridge,asmaridge99@bloglines.com,Female,229.32.208.54
335,Lorie,Wringe,lwringe9a@technorati.com,Female,224.194.96.13
336,Mark,Averall,maverall9b@accuweather.com,Male,213.62.100.79
337,Umberto,Claw,uclaw9c@yolasite.com,Male,33.62.101.36
338,Jeramie,Doughty,jdoughty9d@mapy.cz,Male,232.154.35.221
339,Iorgos,Seals,iseals9e@mapquest.com,Male,212.225.52.182
340,Paulette,Roft,proft9f@jigsy.com,Female,35.188.52.235
341,Carola,Labeuil,clabeuil9g@nps.gov,Female,15.108.169.193
342,Kiel,Danton,kdanton9h@hostgator.com,Male,156.5.28.182
343,Gill,Riccardo,griccardo9i@mail.ru,Male,155.97.67.27
344,Margaux,Vedyaev,mvedyaev9j@list-manage.com,Female,247.245.107.208
345,Sandy,Claye,sclaye9k@yandex.ru,Female,19.204.12.45
346,Gena,Vischi,gvischi9l@arizona.edu,Genderfluid,146.248.57.6
347,Yvette,Goch,ygoch9m@mozilla.com,Female,36.252.75.169
348,Dru,Snadden,dsnadden9n@dion.ne.jp,Male,235.255.22.131
349,Marshal,Slee,mslee9o@nps.gov,Male,124.223.41.195
350,Giustina,Felgat,gfelgat9p@archive.org,Non-binary,18.161.254.227
351,Job,Cartin,jcartin9q@bing.com,Male,11.33.247.176
352,Brooke,Knappett,bknappett9r@shareasale.com,Female,244.106.121.234
353,Letty,MacMichael,lmacmichael9s@washington.edu,Non-binary,105.190.133.29
354,Alberta,Bodman,abodman9t@networksolutions.com,Female,148.158.219.9
355,Reeba,Rapkins,rrapkins9u@spotify.com,Female,44.179.44.226
356,Natalee,Petruskevich,npetruskevich9v@illinois.edu,Bigender,115.33.112.160
357,Gay,Potte,gpotte9w@hubpages.com,Polygender,177.126.248.110
358,Margarete,Skeffington,mskeffington9x@skype.com,Female,116.170.176.138
359,Anthiathia,Ingman,aingman9y@homestead.com,Female,23.131.192.239
360,Hersh,Limbert,hlimbert9z@i2i.jp,Male,246.14.240.111
361,Patton,Pessler,ppesslera0@list-manage.com,Male,83.10.144.22
362,Silvester,Tabrett,stabretta1@wikimedia.org,Male,246.121.105.191
363,Theo,Stooke,tstookea2@com.com,Male,218.104.55.44
364,Jayme,Pryce,jprycea3@google.fr,Male,109.213.2.134
365,Dierdre,Huburn,dhuburna4@imgur.com,Female,136.184.31.217
366,Keen,Balden,kbaldena5@slashdot.org,Male,33.102.17.2
367,Udell,McCarrell,umccarrella6@soup.io,Male,150.238.139.64
368,Charley,Theobalds,ctheobaldsa7@buzzfeed.com,Male,246.187.152.9
369,Zoe,Covendon,zcovendona8@domainmarket.com,Agender,26.83.68.155
370,Perl,Areles,parelesa9@vistaprint.com,Female,194.89.192.15
371,Layney,Demelt,ldemeltaa@ycombinator.com,Female,86.87.55.179
372,Garold,Bortoli,gbortoliab@list-manage.com,Male,14.143.51.189
373,Merry,Schofield,mschofieldac@usatoday.com,Female,161.137.207.19
374,Cristin,McGeachy,cmcgeachyad@google.pl,Female,101.73.159.70
375,Neale,Whitnell,nwhitnellae@gravatar.com,Male,85.160.248.19
376,Sinclare,Peach,speachaf@plala.or.jp,Male,82.165.106.41
377,Mei,Baroch,mbarochag@php.net,Bigender,89.8.131.248
378,Merill,Dahlborg,mdahlborgah@shinystat.com,Male,147.128.128.25
379,Travers,Deener,tdeenerai@123-reg.co.uk,Male,212.140.10.11
380,Ches,Hannond,channondaj@mozilla.com,Genderfluid,138.52.53.192
381,Burke,Ovitts,bovittsak@nationalgeographic.com,Male,19.149.175.14
382,Dorolisa,Gooda,dgoodaal@answers.com,Female,109.53.178.179
383,Sansone,Lintall,slintallam@vimeo.com,Male,215.214.32.237
384,Marcelline,Gawkes,mgawkesan@cyberchimps.com,Female,209.213.249.202
385,Guido,Notley,gnotleyao@fotki.com,Male,178.86.161.160
386,Tallulah,Crampsy,tcrampsyap@state.gov,Female,254.218.185.60
387,Tobye,Coulthart,tcoulthartaq@opensource.org,Female,146.29.223.53
388,Charlene,Cownden,ccowndenar@mozilla.org,Female,42.71.220.43
389,Judye,Menichino,jmenichinoas@multiply.com,Female,169.142.81.34
390,Gaylene,Coxon,gcoxonat@4shared.com,Female,254.126.51.174
391,Allyson,Trathan,atrathanau@squarespace.com,Female,179.107.38.193
392,Gal,Quodling,gquodlingav@cnbc.com,Male,252.143.145.38
393,Sharlene,Keary,skearyaw@1688.com,Female,178.60.103.167
394,Rosalinde,Wormell,rwormellax@slideshare.net,Female,57.87.149.252
395,Dorothy,Detoile,ddetoileay@gravatar.com,Female,90.155.80.24
396,Averell,Proschek,aproschekaz@independent.co.uk,Male,173.184.227.180
397,Eyde,Vettore,evettoreb0@hugedomains.com,Genderfluid,105.223.94.52
398,Genna,Dunlop,gdunlopb1@nih.gov,Female,239.151.105.232
399,Isidora,Sanchis,isanchisb2@arstechnica.com,Genderfluid,161.120.160.248
400,Allis,Maria,amariab3@hp.com,Female,102.124.125.193
401,Tami,Wytchard,twytchardb4@ucsd.edu,Genderfluid,76.79.239.200
402,Kristoforo,Attac,kattacb5@cocolog-nifty.com,Male,158.0.12.136
403,Sherye,Tompkinson,stompkinsonb6@ifeng.com,Female,113.237.68.140
404,Jone,Ciric,jciricb7@theglobeandmail.com,Male,218.16.154.123
405,Tobin,Linzee,tlinzeeb8@e-recht24.de,Male,98.8.34.51
406,Jud,Banck,jbanckb9@indiegogo.com,Non-binary,127.96.228.65
407,Paxton,Thickett,pthickettba@altervista.org,Male,238.123.16.244
408,Noland,Lamerton,nlamertonbb@squidoo.com,Male,162.13.160.21
409,Reginald,Brumwell,rbrumwellbc@bandcamp.com,Male,41.15.104.5
410,Lauri,Kropp,lkroppbd@yahoo.com,Female,40.244.27.60
411,Vick,Duguid,vduguidbe@wisc.edu,Male,194.113.157.35
412,Harland,Barraclough,hbarracloughbf@walmart.com,Male,159.180.50.135
413,Bobbye,Glazier,bglazierbg@dell.com,Female,248.0.168.32
414,Christiano,Horley,chorleybh@goo.ne.jp,Male,225.160.27.248
415,Rasla,Eckersall,reckersallbi@vimeo.com,Female,111.145.119.0
416,Boris,Kennion,bkennionbj@cnet.com,Male,52.119.2.129
417,Ethel,MacArdle,emacardlebk@webmd.com,Female,3.123.172.138
418,Khalil,Spurgeon,kspurgeonbl@cdc.gov,Male,232.194.66.29
419,Malanie,Champain,mchampainbm@shutterfly.com,Female,133.226.212.235
420,Jeffy,Kelly,jkellybn@opera.com,Male,172.89.219.154
421,Vasily,Pardew,vpardewbo@rambler.ru,Male,60.107.185.93
422,Raine,Ivanets,rivanetsbp@wikispaces.com,Female,38.15.18.50
423,Britteny,Trighton,btrightonbq@themeforest.net,Female,205.18.23.86
424,Paulo,Mollene,pmollenebr@nymag.com,Male,130.165.4.227
425,Gunar,O' Concannon,goconcannonbs@mit.edu,Male,108.125.121.251
426,Hermie,Robjohns,hrobjohnsbt@163.com,Male,51.48.31.221
427,Alleen,Alvy,aalvybu@umich.edu,Female,230.211.115.200
428,Zachary,Ebbles,zebblesbv@webmd.com,Male,199.134.125.27
429,Gilbertine,Kubczak,gkubczakbw@amazon.com,Female,118.164.128.251
430,Farleigh,Dobie,fdobiebx@gnu.org,Non-binary,248.19.44.237
431,Philly,Colliard,pcolliardby@ifeng.com,Female,108.122.174.155
432,Yvon,Cammis,ycammisbz@wired.com,Male,177.156.165.221
433,Kimmi,Clayworth,kclayworthc0@ted.com,Female,179.47.17.36
434,Alvan,Greydon,agreydonc1@amazonaws.com,Male,4.4.101.164
435,Carolann,d' Elboux,cdelbouxc2@cbsnews.com,Female,61.185.159.55
436,Betta,Edmons,bedmonsc3@mapquest.com,Female,51.76.127.108
437,Linus,Shropshire,lshropshirec4@technorati.com,Male,65.131.164.213
438,Hana,Canty,hcantyc5@telegraph.co.uk,Female,252.80.99.191
439,Corilla,Staines,cstainesc6@ocn.ne.jp,Female,91.189.146.18
440,Mason,Serraillier,mserraillierc7@creativecommons.org,Male,198.200.74.57
441,Elsy,Volk,evolkc8@yandex.ru,Female,53.6.37.99
442,Tasia,Overpool,toverpoolc9@imdb.com,Female,178.249.50.199
443,Grant,Bellerby,gbellerbyca@tamu.edu,Male,59.181.199.90
444,Matteo,Cluet,mcluetcb@twitter.com,Genderqueer,69.148.37.1
445,Gabbie,Tapsell,gtapsellcc@sciencedirect.com,Female,219.252.208.149
446,Taddeusz,Bremmer,tbremmercd@theglobeandmail.com,Male,175.107.240.92
447,Sayre,Larter,slarterce@eventbrite.com,Male,187.69.55.162
448,Genvieve,Tomasek,gtomasekcf@naver.com,Female,4.196.251.160
449,Dominique,Rummery,drummerycg@opensource.org,Male,54.109.237.1
450,Demeter,Doxsey,ddoxseych@moonfruit.com,Female,47.210.103.8
451,Ced,Goss,cgossci@go.com,Male,178.64.71.228
452,Ula,Morritt,umorrittcj@rakuten.co.jp,Female,185.167.170.183
453,D'arcy,Stebbings,dstebbingsck@theguardian.com,Male,223.177.172.81
454,Alasdair,Caulkett,acaulkettcl@google.ru,Male,31.20.215.34
455,Sigismund,Hoffmann,shoffmanncm@hp.com,Male,19.24.5.66
456,Stu,Gent,sgentcn@phpbb.com,Bigender,150.181.88.81
457,Agustin,Nannetti,anannettico@elpais.com,Male,11.253.130.238
458,Jordain,Crassweller,jcrasswellercp@seesaa.net,Female,33.207.123.22
459,Julina,Frany,jfranycq@purevolume.com,Female,15.29.68.234
460,Leela,Arpur,larpurcr@icq.com,Female,49.60.254.61
461,Basia,Unwin,bunwincs@wordpress.com,Female,170.63.226.162
462,Edmund,Farnaby,efarnabyct@bigcartel.com,Male,121.36.26.124
463,Agnes,O'Hannigan,aohannigancu@bloomberg.com,Female,88.110.118.63
464,Tammi,Judge,tjudgecv@creativecommons.org,Female,233.201.235.41
465,Albert,Byrom,abyromcw@geocities.com,Male,215.85.157.200
466,Christin,Bezarra,cbezarracx@oracle.com,Female,109.127.112.115
467,Nobie,Reynolds,nreynoldscy@qq.com,Male,114.169.124.88
468,Dimitri,Normanton,dnormantoncz@list-manage.com,Male,117.138.228.98
469,Roman,Keyte,rkeyted0@dyndns.org,Male,86.75.244.128
470,Riane,Slack,rslackd1@moonfruit.com,Female,36.146.101.236
471,Cortie,Copozio,ccopoziod2@berkeley.edu,Male,68.165.227.23
472,Kippie,Caldero,kcalderod3@icq.com,Male,160.166.102.108
473,Gabe,Lindwasser,glindwasserd4@examiner.com,Male,144.78.37.52
474,Elli,Pickerill,epickerilld5@eventbrite.com,Non-binary,185.16.162.137
475,Gabbie,Donaghy,gdonaghyd6@ovh.net,Female,238.243.99.100
476,Emerson,Cabrara,ecabrarad7@uiuc.edu,Male,51.215.127.3
477,Bailie,Condit,bconditd8@nba.com,Male,227.183.3.166
478,Rubina,Smerdon,rsmerdond9@163.com,Female,151.210.4.27
479,Maire,Bagniuk,mbagniukda@sohu.com,Female,241.14.249.102
480,Bone,Headington,bheadingtondb@people.com.cn,Male,25.59.206.16
481,Gerek,Kiss,gkissdc@house.gov,Male,4.177.49.16
482,Karrie,Markwick,kmarkwickdd@berkeley.edu,Genderfluid,242.59.49.7
483,Udell,Sydry,usydryde@guardian.co.uk,Male,139.163.254.202
484,Nikki,Zannini,nzanninidf@independent.co.uk,Female,104.19.65.17
485,Alwyn,Sharman,asharmandg@sciencedaily.com,Male,99.40.195.210
486,Gayler,Peto,gpetodh@upenn.edu,Male,179.137.168.220
487,Juieta,Jessard,jjessarddi@slate.com,Female,198.32.214.92
488,Lisle,Trimming,ltrimmingdj@samsung.com,Male,81.59.93.182
489,Tamar,Lardeux,tlardeuxdk@addtoany.com,Female,239.101.130.161
490,Simone,Jekyll,sjekylldl@bloglines.com,Male,33.62.151.82
491,Modesta,Mallabone,mmallabonedm@nationalgeographic.com,Female,124.201.110.53
492,Merilyn,Van Velde,mvanveldedn@time.com,Female,206.67.220.81
493,Thibaut,Niccols,tniccolsdo@sitemeter.com,Male,178.11.152.174
494,Bartholomew,Hamshar,bhamshardp@cbsnews.com,Male,55.218.45.174
495,Roddy,O' Finan,rofinandq@telegraph.co.uk,Male,146.0.188.216
496,Shaine,Sweett,ssweettdr@addthis.com,Female,18.9.63.219
497,Lesley,Smurfitt,lsmurfittds@un.org,Male,150.145.179.165
498,Casandra,Itscovitz,citscovitzdt@biblegateway.com,Female,87.217.161.163
499,Chastity,Inold,cinolddu@histats.com,Female,85.123.40.228
500,Leone,Blaycock,lblaycockdv@symantec.com,Female,50.54.227.158
501,Davon,Blannin,dblannindw@engadget.com,Male,252.131.5.179
502,Irv,Cowlin,icowlindx@loc.gov,Male,151.180.232.10
503,Tomaso,Koubek,tkoubekdy@jimdo.com,Male,231.211.67.255
504,Franni,Paddeley,fpaddeleydz@prnewswire.com,Female,235.248.106.201
505,Conrad,Woodier,cwoodiere0@adobe.com,Male,18.110.243.82
506,Stacy,Branni,sbrannie1@nifty.com,Male,39.36.39.207
507,Jeth,Paxforde,jpaxfordee2@1688.com,Male,34.44.9.173
508,Braden,Handsheart,bhandshearte3@nifty.com,Male,84.166.69.150
509,Nonna,Ferentz,nferentze4@geocities.com,Female,197.51.115.178
510,Rudy,Rycroft,rrycrofte5@dion.ne.jp,Male,166.197.89.209
511,Janel,Laffling,jlafflinge6@walmart.com,Genderqueer,101.7.8.202
512,Marianne,Fancutt,mfancutte7@nhs.uk,Female,117.34.58.26
513,Aubry,O'Sheerin,aosheerine8@networkadvertising.org,Female,3.46.39.125
514,Cathyleen,Farryan,cfarryane9@mapy.cz,Female,248.141.118.252
515,Katleen,Sarrell,ksarrellea@uiuc.edu,Female,55.89.153.206
516,Shelba,Darnody,sdarnodyeb@jimdo.com,Bigender,131.179.104.134
517,Blakeley,Allom,ballomec@gravatar.com,Female,7.148.143.60
518,Branden,Klimkovich,bklimkoviched@lycos.com,Male,94.86.87.202
519,Barbaraanne,Beere,bbeereee@cdc.gov,Agender,194.63.236.231
520,Giacinta,Goodbanne,ggoodbanneef@tinyurl.com,Genderqueer,26.99.67.200
521,Christal,Marioneau,cmarioneaueg@quantcast.com,Female,164.198.93.11
522,Larissa,Amiss,lamisseh@printfriendly.com,Genderqueer,114.8.44.23
523,Christin,Esmond,cesmondei@bbb.org,Female,8.102.164.229
524,Kizzie,Harden,khardenej@eepurl.com,Agender,54.242.28.76
525,Micki,Crew,mcrewek@mozilla.org,Female,196.22.229.16
526,Rollie,Burn,rburnel@ftc.gov,Male,141.141.69.80
527,Haskell,Edgar,hedgarem@salon.com,Male,18.218.22.255
528,Ambros,Radbourn,aradbournen@cyberchimps.com,Male,40.68.63.219
529,Ripley,Piatek,rpiatekeo@psu.edu,Male,21.169.210.115
530,Susanne,Vairow,svairowep@wisc.edu,Female,73.209.14.176
531,Ninon,Lafferty,nlaffertyeq@google.pl,Female,34.246.126.28
532,Brinna,Sorsbie,bsorsbieer@techcrunch.com,Female,212.80.74.66
533,Fran,Grills,fgrillses@github.io,Male,239.80.120.178
534,Jojo,De La Salle,jdelasalleet@meetup.com,Female,38.112.101.174
535,Engracia,Lashford,elashfordeu@flavors.me,Genderfluid,227.122.192.69
536,Uriel,Linford,ulinfordev@archive.org,Male,107.118.100.18
537,Aleta,Musson,amussonew@goodreads.com,Female,157.88.251.159
538,Rikki,Hagyard,rhagyardex@twitter.com,Male,158.56.211.76
539,Bondy,Qualtrough,bqualtroughey@marriott.com,Male,91.149.18.234
540,Sissy,Dawdry,sdawdryez@paginegialle.it,Female,101.177.41.254
541,Grayce,Cisson,gcissonf0@hugedomains.com,Female,14.139.30.245
542,Bryon,De Beauchamp,bdebeauchampf1@soup.io,Male,86.13.217.46
543,Hadlee,Muffitt,hmuffittf2@clickbank.net,Male,86.77.208.140
544,Noreen,Inglesent,ninglesentf3@biblegateway.com,Female,135.254.54.25
545,Byron,MacMearty,bmacmeartyf4@va.gov,Male,251.90.237.149
546,Walden,Aguirre,waguirref5@go.com,Male,203.180.196.100
547,Alexa,Wickersley,awickersleyf6@phpbb.com,Female,160.55.160.28
548,Rees,Ierland,rierlandf7@businessinsider.com,Male,111.63.252.195
549,Renie,Baudic,rbaudicf8@amazon.com,Female,238.254.246.117
550,Zachariah,McKevany,zmckevanyf9@mapy.cz,Male,83.249.85.163
551,Wilmar,MacGillavery,wmacgillaveryfa@drupal.org,Male,150.39.149.110
552,Danny,Trowsdale,dtrowsdalefb@blog.com,Female,154.9.119.70
553,Hunter,Cleworth,hcleworthfc@slashdot.org,Male,216.89.116.101
554,Cullin,Bleibaum,cbleibaumfd@drupal.org,Male,48.165.80.18
555,Pegeen,Pittoli,ppittolife@elegantthemes.com,Female,174.209.21.55
556,Berget,Ramelet,brameletff@plala.or.jp,Female,85.142.224.205
557,Dael,Salvage,dsalvagefg@blogspot.com,Female,223.13.242.149
558,Agnese,Scanlin,ascanlinfh@weebly.com,Female,144.183.55.167
559,Hildegaard,Rosenfelt,hrosenfeltfi@odnoklassniki.ru,Female,133.119.219.200
560,Filippo,MacGillivrie,fmacgillivriefj@reference.com,Male,39.15.247.75
561,Cristin,Ledster,cledsterfk@tinyurl.com,Female,169.93.48.15
562,Georges,Cawley,gcawleyfl@list-manage.com,Male,93.140.227.129
563,Arleta,Carreyette,acarreyettefm@wired.com,Non-binary,72.139.123.157
564,Lisette,Whiles,lwhilesfn@tuttocitta.it,Agender,215.163.41.63
565,Malina,Kedge,mkedgefo@deliciousdays.com,Female,100.104.171.139
566,Janey,Reasun,jreasunfp@multiply.com,Female,136.205.80.68
567,Zebedee,Hanlin,zhanlinfq@paginegialle.it,Polygender,69.194.92.103
568,Farlie,Sultana,fsultanafr@marriott.com,Male,226.116.166.147
569,Bekki,Girardey,bgirardeyfs@artisteer.com,Female,73.25.117.199
570,Margery,Korpal,mkorpalft@networksolutions.com,Genderfluid,166.243.141.189
571,Christean,Salterne,csalternefu@auda.org.au,Female,173.188.234.114
572,Baron,Dryden,bdrydenfv@unesco.org,Male,248.199.26.194
573,Veriee,Brahams,vbrahamsfw@nytimes.com,Female,236.67.197.133
574,Barron,Blakeborough,bblakeboroughfx@skyrock.com,Male,90.43.146.98
575,Lianne,Nyles,lnylesfy@etsy.com,Female,156.89.35.13
576,Gelya,MacLese,gmaclesefz@wikispaces.com,Female,86.227.39.89
577,Jacquie,Voisey,jvoiseyg0@epa.gov,Genderfluid,84.124.211.183
578,Coleman,Pogson,cpogsong1@usgs.gov,Male,179.82.68.185
579,Mohandas,Bonnet,mbonnetg2@oracle.com,Male,41.150.165.22
580,Benjamin,Ciotto,bciottog3@ucla.edu,Male,170.244.146.116
581,Desmond,Hogsden,dhogsdeng4@sphinn.com,Male,221.85.16.28
582,Bea,Wands,bwandsg5@wix.com,Female,71.154.231.115
583,Hunt,Siehard,hsiehardg6@addtoany.com,Male,51.134.71.25
584,Mil,Derisly,mderislyg7@woothemes.com,Female,156.157.22.100
585,Sadella,Fanton,sfantong8@blogs.com,Female,245.68.172.134
586,Tish,Bundey,tbundeyg9@goo.ne.jp,Female,105.100.91.155
587,Zed,Sparey,zspareyga@ihg.com,Male,80.77.228.130
588,Correy,Goozee,cgoozeegb@telegraph.co.uk,Female,150.243.17.155
589,Noach,Cossor,ncossorgc@loc.gov,Male,149.202.109.119
590,Chadd,MacFadin,cmacfadingd@mediafire.com,Male,189.236.77.208
591,Charlotta,Manoch,cmanochge@meetup.com,Female,170.189.111.72
592,Gerri,Mertin,gmertingf@soundcloud.com,Male,43.154.109.131
593,Ofella,Bythway,obythwaygg@plala.or.jp,Agender,155.102.102.138
594,Filberto,Plaide,fplaidegh@unesco.org,Male,34.206.101.175
595,Sherlocke,Salomon,ssalomongi@github.com,Male,197.143.195.14
596,Nickolas,Jeyness,njeynessgj@cdbaby.com,Non-binary,26.39.197.237
597,Kellen,Halewood,khalewoodgk@dell.com,Female,191.240.215.155
598,Putnam,Nuscha,pnuschagl@digg.com,Male,138.108.171.128
599,Karia,Frear,kfreargm@google.co.jp,Female,51.89.183.57
600,Rand,Thomtson,rthomtsongn@blog.com,Male,144.40.55.192
601,Iosep,Prigg,iprigggo@ovh.net,Male,144.1.172.2
602,Lonna,Learmount,llearmountgp@apple.com,Female,54.146.17.251
603,Ofilia,Corrison,ocorrisongq@home.pl,Female,92.144.219.97
604,Kordula,Ebunoluwa,kebunoluwagr@google.cn,Genderqueer,140.7.245.151
605,Elsey,Coaten,ecoatengs@behance.net,Female,150.230.158.158
606,Cher,Lapidus,clapidusgt@answers.com,Female,68.233.197.159
607,Aron,Addlestone,aaddlestonegu@cdbaby.com,Male,196.40.71.146
608,Igor,Colbourne,icolbournegv@pen.io,Male,161.204.242.191
609,Fifi,Fitchen,ffitchengw@umn.edu,Female,201.48.241.159
610,Haydon,Brougham,hbroughamgx@cyberchimps.com,Male,238.147.226.214
611,Arielle,Manville,amanvillegy@usatoday.com,Female,33.127.178.22
612,Nonnah,Weldon,nweldongz@oracle.com,Female,244.21.218.21
613,Peirce,Ber,pberh0@cbc.ca,Male,146.87.9.117
614,Ariana,Segges,aseggesh1@fotki.com,Female,246.121.205.48
615,Diego,Haylock,dhaylockh2@squarespace.com,Male,155.204.97.254
616,Godard,Bertolin,gbertolinh3@wufoo.com,Male,183.177.227.12
617,Northrop,Hyne,nhyneh4@pinterest.com,Male,129.223.9.135
618,Jameson,Carlow,jcarlowh5@theguardian.com,Male,142.34.35.246
619,Matelda,Ortner,mortnerh6@prweb.com,Female,99.80.228.99
620,Chrissy,Colbrun,ccolbrunh7@google.it,Male,150.170.137.102
621,Bourke,Monkleigh,bmonkleighh8@ovh.net,Male,218.19.41.212
622,Eddie,Apthorpe,eapthorpeh9@mac.com,Male,136.134.45.57
623,Kennith,Lorenzetti,klorenzettiha@hao123.com,Non-binary,94.23.138.173
624,Udale,Hickisson,uhickissonhb@ted.com,Male,236.25.141.114
625,Brian,Privett,bprivetthc@examiner.com,Male,229.75.98.153
626,Rozalin,Pitblado,rpitbladohd@craigslist.org,Female,36.164.6.92
627,Erik,Hallan,ehallanhe@bing.com,Male,27.7.157.128
628,Gwendolin,Kolodziejski,gkolodziejskihf@timesonline.co.uk,Female,224.203.94.249
629,Michel,Souza,msouzahg@sakura.ne.jp,Bigender,109.173.124.6
630,Kristo,MacDonagh,kmacdonaghhh@prweb.com,Male,197.107.23.83
631,Valerye,Stroyan,vstroyanhi@cbslocal.com,Female,150.58.71.72
632,Rori,Antrag,rantraghj@google.com.au,Female,98.44.241.153
633,Dodie,Danelutti,ddaneluttihk@hatena.ne.jp,Genderqueer,13.136.41.239
634,Erinn,Brimmacombe,ebrimmacombehl@samsung.com,Bigender,166.154.220.24
635,Booth,McKelvie,bmckelviehm@ebay.co.uk,Male,107.77.200.17
636,Olimpia,Swindells,oswindellshn@hc360.com,Female,205.89.242.83
637,Gothart,Slyde,gslydeho@ask.com,Male,103.225.23.140
638,Hildegarde,Heeks,hheekshp@behance.net,Female,4.253.189.96
639,Bridie,McIlwaine,bmcilwainehq@about.com,Female,213.152.198.143
640,Felicity,Attew,fattewhr@un.org,Female,119.230.207.41
641,Anatol,Tollow,atollowhs@altervista.org,Male,252.99.61.20
642,Rebbecca,Stratten,rstrattenht@google.es,Female,240.41.231.22
643,Leone,Yorath,lyorathhu@sina.com.cn,Female,105.61.48.152
644,Cherrita,Scarborough,cscarboroughhv@indiatimes.com,Female,146.183.109.193
645,Silvia,Ledwitch,sledwitchhw@prlog.org,Female,104.235.247.248
646,Florance,Robet,frobethx@pinterest.com,Female,162.125.180.5
647,Tiertza,Skottle,tskottlehy@domainmarket.com,Female,219.63.183.221
648,Leia,Drains,ldrainshz@imdb.com,Female,226.25.192.197
649,Leighton,Billyard,lbillyardi0@wikispaces.com,Male,15.184.204.24
650,Adelle,Beesey,abeeseyi1@toplist.cz,Female,203.30.1.141
651,Kalli,Baignard,kbaignardi2@squarespace.com,Agender,160.246.2.253
652,Mommy,Tilbury,mtilburyi3@netvibes.com,Genderqueer,103.202.34.181
653,Ryann,Beadles,rbeadlesi4@netvibes.com,Female,115.51.105.105
654,Alvin,Stronough,astronoughi5@comcast.net,Male,26.85.24.202
655,Tulley,Hembling,themblingi6@census.gov,Male,20.40.88.133
656,Toby,Brigstock,tbrigstocki7@paypal.com,Male,13.84.121.51
657,Sukey,Morphet,smorpheti8@cbsnews.com,Female,42.245.175.230
658,Elicia,Manger,emangeri9@nytimes.com,Female,69.249.107.25
659,Alon,Brend,abrendia@nature.com,Male,247.84.69.88
660,Emilio,Gainforth,egainforthib@sbwire.com,Male,137.112.208.88
661,Yankee,Van der Baaren,yvanderbaarenic@people.com.cn,Male,236.101.188.212
662,Teodoro,Chomley,tchomleyid@jugem.jp,Male,193.93.178.151
663,Lexis,Conkay,lconkayie@xinhuanet.com,Female,20.125.124.108
664,Mickie,Casier,mcasierif@google.pl,Male,27.89.230.59
665,Meridel,MacDiarmid,mmacdiarmidig@amazon.co.jp,Female,73.192.189.69
666,Delmar,Bonn,dbonnih@ihg.com,Male,250.75.146.48
667,Kirsti,Hurry,khurryii@google.es,Female,203.165.123.180
668,Lotta,Favell,lfavellij@oracle.com,Female,43.22.190.56
669,Georgette,Tanfield,gtanfieldik@google.fr,Female,117.237.227.117
670,Anne-corinne,Philippsohn,aphilippsohnil@cbslocal.com,Female,135.13.95.124
671,Emmeline,Shilito,eshilitoim@eepurl.com,Female,227.38.25.87
672,Pacorro,Braine,pbrainein@tripadvisor.com,Male,115.187.173.88
673,Alessandro,Bontine,abontineio@surveymonkey.com,Male,8.70.81.244
674,Daryl,Peppin,dpeppinip@netscape.com,Female,213.242.105.145
675,Gonzalo,Burnand,gburnandiq@hatena.ne.jp,Male,36.229.211.54
676,Frederich,Enrico,fenricoir@homestead.com,Non-binary,30.124.120.142
677,Avictor,Deal,adealis@umich.edu,Male,116.171.255.161
678,Allistir,Pexton,apextonit@oracle.com,Male,193.19.143.204
679,Diann,Gorries,dgorriesiu@trellian.com,Female,84.69.199.121
680,Danna,Stawell,dstawelliv@imageshack.us,Female,26.140.97.187
681,Danila,Peare,dpeareiw@home.pl,Female,46.106.124.155
682,Leia,Tippell,ltippellix@ehow.com,Female,41.21.196.6
683,Edgard,Medlin,emedliniy@japanpost.jp,Male,85.242.163.120
684,Ignaz,Bummfrey,ibummfreyiz@umich.edu,Genderfluid,144.160.229.236
685,Roseline,Wickson,rwicksonj0@amazon.co.uk,Female,55.9.93.176
686,Kalinda,Alvey,kalveyj1@geocities.com,Female,103.163.48.174
687,Bernadette,Van den Velde,bvandenveldej2@g.co,Female,228.151.234.204
688,Bendick,Benton,bbentonj3@google.co.uk,Male,2.82.108.140
689,Courtnay,Hurtic,churticj4@weibo.com,Polygender,202.194.98.212
690,Barnett,Spadotto,bspadottoj5@blogger.com,Male,22.80.184.87
691,Jamie,Tinkham,jtinkhamj6@bigcartel.com,Male,140.42.231.164
692,Taite,Beynkn,tbeynknj7@ibm.com,Male,207.33.113.66
693,Suzanna,Fonzo,sfonzoj8@sciencedaily.com,Female,75.100.137.237
694,Dallis,Steanyng,dsteanyngj9@wsj.com,Non-binary,202.75.33.158
695,Wildon,Garriock,wgarriockja@mapquest.com,Male,234.127.169.149
696,Carter,Beert,cbeertjb@google.nl,Male,23.78.36.164
697,Wes,Bonnar,wbonnarjc@hc360.com,Polygender,56.12.81.136
698,Roshelle,Gowans,rgowansjd@hugedomains.com,Female,197.222.22.74
699,Abbe,Quinnelly,aquinnellyje@chronoengine.com,Male,3.238.13.127
700,Gustavo,Windress,gwindressjf@discuz.net,Male,233.49.203.66
701,Luisa,Jacobs,ljacobsjg@chron.com,Female,51.235.232.27
702,Vladamir,Grigorescu,vgrigorescujh@desdev.cn,Male,69.79.224.26
703,Woodrow,Giacopazzi,wgiacopazziji@apple.com,Male,129.80.111.173
704,Cyndy,Siggins,csigginsjj@webmd.com,Female,60.74.176.59
705,Pace,Gaucher,pgaucherjk@mozilla.org,Male,94.126.250.63
706,Sergent,Deeprose,sdeeprosejl@facebook.com,Genderqueer,158.244.159.62
707,Adham,Carmel,acarmeljm@unesco.org,Male,150.208.237.61
708,Babette,Sanbrook,bsanbrookjn@rakuten.co.jp,Female,25.160.207.191
709,Teri,Gaul,tgauljo@census.gov,Female,215.219.128.222
710,Angelico,Ivashechkin,aivashechkinjp@disqus.com,Male,156.147.181.110
711,Enrico,Morgans,emorgansjq@bing.com,Male,10.46.205.1
712,Winslow,Boscott,wboscottjr@hibu.com,Male,48.204.225.178
713,Kean,Geach,kgeachjs@telegraph.co.uk,Male,82.110.215.193
714,Whitman,Songist,wsongistjt@oracle.com,Male,103.33.190.122
715,Janot,Towell,jtowellju@upenn.edu,Genderfluid,184.18.75.42
716,Lianne,Brusle,lbruslejv@java.com,Female,152.118.130.154
717,Arabele,Aylwin,aaylwinjw@last.fm,Female,238.137.236.78
718,Chariot,Godthaab,cgodthaabjx@cafepress.com,Male,103.180.106.19
719,Isahella,Klimentov,iklimentovjy@netvibes.com,Female,4.25.78.123
720,Mercie,Dunrige,mdunrigejz@marketwatch.com,Genderfluid,119.196.116.6
721,Becka,Sedgemore,bsedgemorek0@canalblog.com,Female,248.167.25.208
722,Sorcha,Chezelle,schezellek1@chronoengine.com,Female,11.237.177.134
723,Napoleon,Fairfoot,nfairfootk2@unblog.fr,Male,69.178.184.249
724,Sid,Steanson,ssteansonk3@whitehouse.gov,Non-binary,58.50.217.70
725,Alberta,Hinkes,ahinkesk4@cocolog-nifty.com,Female,143.69.232.102
726,Glennie,Robak,grobakk5@domainmarket.com,Female,58.124.94.217
727,Abbie,Mcwhinney,amcwhinneyk6@lycos.com,Male,241.57.89.69
728,Robyn,Darlington,rdarlingtonk7@usda.gov,Genderfluid,0.229.235.39
729,Kakalina,Bowley,kbowleyk8@squidoo.com,Female,220.70.57.120
730,Marleen,Jorgesen,mjorgesenk9@reddit.com,Female,16.108.19.2
731,Gardy,Daw,gdawka@dailymail.co.uk,Male,182.74.13.189
732,Lonni,Luna,llunakb@blogspot.com,Female,66.120.15.117
733,Daryl,Bouchier,dbouchierkc@europa.eu,Male,60.254.91.110
734,Lalo,Tutt,ltuttkd@ocn.ne.jp,Male,92.184.5.41
735,Wilfred,Jerrams,wjerramske@ebay.co.uk,Male,118.99.179.19
736,Husein,Peto,hpetokf@myspace.com,Male,230.56.167.34
737,Daniela,Sleightholme,dsleightholmekg@yelp.com,Female,18.152.102.184
738,Aubrette,Simionato,asimionatokh@indiegogo.com,Female,19.38.26.87
739,Barrett,Steddall,bsteddallki@wordpress.com,Bigender,130.162.8.118
740,Lari,Latan,llatankj@multiply.com,Female,101.131.216.226
741,Bibbye,Meys,bmeyskk@geocities.jp,Female,188.137.164.247
742,Derick,Bautiste,dbautistekl@sitemeter.com,Male,9.254.186.50
743,Stacee,Freschini,sfreschinikm@archive.org,Female,77.111.75.57
744,Mickie,Harwick,mharwickkn@example.com,Female,151.164.177.167
745,Sayre,Chiverton,schivertonko@godaddy.com,Male,228.3.224.70
746,Kristen,Solano,ksolanokp@chronoengine.com,Female,198.213.226.162
747,Barbabas,Greystoke,bgreystokekq@smugmug.com,Male,136.0.112.231
748,Wendy,Mainz,wmainzkr@w3.org,Non-binary,151.165.81.28
749,Brandi,McQuarter,bmcquarterks@google.ru,Female,151.53.162.103
750,Faber,Lucia,fluciakt@wisc.edu,Male,129.131.22.149
751,Isacco,Oubridge,ioubridgeku@mozilla.com,Male,55.49.73.214
752,Kristan,Cantwell,kcantwellkv@google.es,Female,64.154.46.179
753,Caleb,Casellas,ccasellaskw@yolasite.com,Male,54.179.7.116
754,Ainsley,Jaqueme,ajaquemekx@yale.edu,Female,39.184.246.229
755,Willow,Maling,wmalingky@squarespace.com,Female,81.228.117.240
756,Nigel,Jewis,njewiskz@chron.com,Genderfluid,218.17.76.121
757,Henriette,Sex,hsexl0@instagram.com,Female,68.62.26.197
758,Nerissa,Rosborough,nrosboroughl1@buzzfeed.com,Female,197.247.79.134
759,Gery,Crofts,gcroftsl2@php.net,Male,175.255.125.163
760,Martelle,Sporgeon,msporgeonl3@house.gov,Non-binary,174.245.219.254
761,Elton,Dunston,edunstonl4@ucsd.edu,Male,150.254.153.25
762,Marquita,Vauter,mvauterl5@alibaba.com,Female,79.154.13.58
763,Dorelle,Stracey,dstraceyl6@irs.gov,Female,124.193.228.165
764,Gae,Bernakiewicz,gbernakiewiczl7@vinaora.com,Female,184.99.52.169
765,Frasier,Gremane,fgremanel8@devhub.com,Male,92.156.68.250
766,Westley,Yurchishin,wyurchishinl9@t-online.de,Male,50.161.178.216
767,Wren,Vedenichev,wvedenichevla@tamu.edu,Female,121.223.117.182
768,Verla,Lydiard,vlydiardlb@tumblr.com,Female,2.3.178.238
769,Jodi,Askaw,jaskawlc@yellowpages.com,Male,56.231.30.28
770,Ysabel,Chalkly,ychalklyld@tripadvisor.com,Female,43.12.30.188
771,Clem,Alanbrooke,calanbrookele@hexun.com,Female,139.48.192.160
772,Lammond,Maidment,lmaidmentlf@alexa.com,Male,107.175.227.78
773,Nari,Hickinbottom,nhickinbottomlg@xinhuanet.com,Female,84.191.206.224
774,Burk,Garfoot,bgarfootlh@who.int,Male,58.135.149.180
775,Cesar,Kubyszek,ckubyszekli@is.gd,Male,41.34.240.11
776,Grover,Messom,gmessomlj@multiply.com,Male,79.151.197.71
777,Casey,Rizzotto,crizzottolk@arstechnica.com,Non-binary,230.92.195.213
778,Jacobo,de Villier,jdevillierll@shop-pro.jp,Male,242.163.165.157
779,Adriaens,Lerwell,alerwelllm@rediff.com,Non-binary,125.249.68.240
780,Fleur,Vater,fvaterln@weibo.com,Female,53.1.132.71
781,Lynnet,Heaphy,lheaphylo@unblog.fr,Female,49.88.208.142
782,Elysha,Beechcraft,ebeechcraftlp@google.ca,Female,248.187.153.242
783,Alla,Jarrold,ajarroldlq@virginia.edu,Female,31.28.156.244
784,Sascha,Huish,shuishlr@goo.gl,Male,246.100.236.201
785,Timoteo,Collcutt,tcollcuttls@fema.gov,Male,178.95.104.71
786,Rhea,Feltham,rfelthamlt@mashable.com,Female,132.178.63.34
787,Elias,Gaddas,egaddaslu@hostgator.com,Bigender,127.218.114.204
788,Charin,Dhillon,cdhillonlv@cbsnews.com,Female,229.215.253.201
789,Shepard,Grinaway,sgrinawaylw@ftc.gov,Male,63.28.162.98
790,Eduino,Neillans,eneillanslx@latimes.com,Male,101.27.38.153
791,Meridel,Bugge,mbuggely@furl.net,Female,62.143.25.56
792,Rubie,Duffer,rdufferlz@mozilla.org,Female,181.154.68.105
793,Karin,McCraw,kmccrawm0@gmpg.org,Female,222.189.250.186
794,Margaretha,Llopis,mllopism1@cbsnews.com,Polygender,143.58.26.64
795,Haroun,Cornew,hcornewm2@themeforest.net,Male,227.69.79.42
796,Lethia,Luscombe,lluscombem3@is.gd,Female,90.201.227.59
797,Tait,Mayman,tmaymanm4@altervista.org,Male,181.108.8.184
798,Jodi,Ulyatt,julyattm5@newyorker.com,Female,252.82.69.175
799,Keelby,Favel,kfavelm6@wikimedia.org,Male,79.13.56.255
800,Christoper,Parsons,cparsonsm7@163.com,Male,35.35.105.153
801,Aron,Lossman,alossmanm8@geocities.jp,Male,82.209.172.11
802,Felisha,Huniwall,fhuniwallm9@intel.com,Female,218.33.134.175
803,Inge,Percy,ipercyma@ameblo.jp,Female,198.13.232.209
804,Micah,Itchingham,mitchinghammb@moonfruit.com,Non-binary,75.76.45.56
805,Felisha,Filyashin,ffilyashinmc@utexas.edu,Female,106.197.18.57
806,Davidde,Maywood,dmaywoodmd@hexun.com,Male,20.77.133.116
807,Ailene,Altamirano,aaltamiranome@va.gov,Female,204.207.58.100
808,Chiquita,Eliasson,celiassonmf@bluehost.com,Female,140.218.14.100
809,Jamison,Raynor,jraynormg@drupal.org,Male,199.64.232.63
810,Even,Artis,eartismh@smh.com.au,Male,246.5.85.223
811,Marcy,Wiltshear,mwiltshearmi@npr.org,Female,128.129.247.15
812,Mel,Dartan,mdartanmj@adobe.com,Female,146.116.100.203
813,Anson,Donnett,adonnettmk@ucoz.ru,Genderfluid,7.0.38.185
814,Nev,Oluwatoyin,noluwatoyinml@diigo.com,Male,145.225.14.161
815,Ximenez,Weed,xweedmm@nymag.com,Non-binary,163.222.25.223
816,Lorry,Isbell,lisbellmn@flavors.me,Female,136.106.246.217
817,Yolane,Gligoraci,ygligoracimo@is.gd,Female,13.229.140.154
818,Audrye,Muggleton,amuggletonmp@seesaa.net,Female,131.62.96.16
819,Cassandry,Dimmer,cdimmermq@e-recht24.de,Female,136.92.217.19
820,Skylar,Hynson,shynsonmr@nps.gov,Male,47.13.146.233
821,Kellina,Kinkaid,kkinkaidms@bandcamp.com,Polygender,202.79.160.174
822,Terra,Dumblton,tdumbltonmt@macromedia.com,Female,112.143.153.159
823,Tandi,Caress,tcaressmu@histats.com,Female,98.169.234.203
824,Karina,Leggat,kleggatmv@theguardian.com,Female,7.167.15.241
825,Hanni,Trevers,htreversmw@gov.uk,Female,99.143.74.15
826,Beret,Mawdsley,bmawdsleymx@dion.ne.jp,Female,56.11.15.205
827,Drugi,Samms,dsammsmy@vistaprint.com,Male,41.155.25.236
828,Gabriel,Frankes,gfrankesmz@sitemeter.com,Male,34.89.234.87
829,Quinn,Adshad,qadshadn0@paginegialle.it,Female,62.229.245.127
830,Fifine,MacGhee,fmacgheen1@kickstarter.com,Genderqueer,222.176.202.248
831,Manya,Curlis,mcurlisn2@163.com,Female,152.30.138.234
832,Edyth,Caddan,ecaddann3@cloudflare.com,Female,86.179.106.223
833,Demetria,Klezmski,dklezmskin4@timesonline.co.uk,Female,145.224.143.208
834,Rockey,Janodet,rjanodetn5@4shared.com,Male,239.5.135.117
835,Noe,Stains,nstainsn6@google.fr,Male,105.64.133.53
836,Gabriele,Bes,gbesn7@goo.ne.jp,Male,129.81.90.66
837,Gladys,Cornil,gcorniln8@bloomberg.com,Female,26.65.6.130
838,Blanch,Rooms,broomsn9@foxnews.com,Female,29.103.123.121
839,Malorie,Pycock,mpycockna@springer.com,Female,81.72.151.184
840,Pedro,Hulett,phulettnb@meetup.com,Male,82.127.7.157
841,Shurlocke,Wetton,swettonnc@businesswire.com,Male,88.28.147.109
842,Alejandro,Dampier,adampiernd@hubpages.com,Male,197.93.116.239
843,Gretta,Gaitskill,ggaitskillne@home.pl,Female,180.80.123.15
844,Yardley,Reynoldson,yreynoldsonnf@springer.com,Male,57.89.124.182
845,Verla,Wix,vwixng@sourceforge.net,Female,155.5.92.160
846,Colin,Overel,coverelnh@java.com,Male,144.133.78.52
847,Olin,Phillcox,ophillcoxni@domainmarket.com,Male,186.230.141.8
848,Karoline,Meates,kmeatesnj@adobe.com,Female,151.167.17.104
849,Angele,Tythacott,atythacottnk@reference.com,Female,186.6.104.234
850,Kimmi,Paulucci,kpauluccinl@salon.com,Female,110.198.150.165
851,Pat,Saterthwait,psaterthwaitnm@hc360.com,Male,211.98.134.62
852,Saraann,Daymont,sdaymontnn@exblog.jp,Female,118.106.193.79
853,Case,Zapatero,czapaterono@cisco.com,Male,166.251.243.28
854,Cayla,Trainer,ctrainernp@com.com,Female,97.187.175.185
855,Mason,Orpen,morpennq@mysql.com,Male,243.204.39.212
856,Pyotr,Thieme,pthiemenr@oakley.com,Male,47.171.68.134
857,Ciro,Easom,ceasomns@webeden.co.uk,Male,243.210.51.216
858,Brig,Bradnam,bbradnamnt@liveinternet.ru,Male,166.57.220.230
859,Merrel,Wroe,mwroenu@google.es,Male,31.138.61.129
860,Roselia,Messruther,rmessruthernv@accuweather.com,Female,157.87.82.167
861,Allyce,Grason,agrasonnw@discuz.net,Genderfluid,156.60.41.18
862,Frances,Finn,ffinnnx@cam.ac.uk,Female,217.211.83.38
863,Tedra,Rodden,troddenny@harvard.edu,Female,117.5.39.109
864,Kerwinn,Hanaford,khanafordnz@geocities.com,Male,84.246.38.26
865,Marjory,Punchard,mpunchardo0@skyrock.com,Female,125.246.62.142
866,Garrot,Emer,gemero1@washingtonpost.com,Male,61.35.26.27
867,Carley,Grattan,cgrattano2@paginegialle.it,Female,11.51.166.155
868,Bruis,Gibbens,bgibbenso3@imageshack.us,Male,207.98.119.36
869,Doralia,Bertram,dbertramo4@mozilla.org,Female,101.220.168.164
870,Royall,Hedin,rhedino5@clickbank.net,Male,87.113.217.229
871,Stephanus,Newbigging,snewbiggingo6@booking.com,Male,26.149.237.255
872,Marleah,Hayter,mhaytero7@storify.com,Female,250.198.103.155
873,Arlyne,Mayers,amayerso8@opera.com,Agender,245.148.60.158
874,Lenore,Bilbrooke,lbilbrookeo9@twitter.com,Bigender,88.10.209.123
875,Abigael,Melmoth,amelmothoa@techcrunch.com,Female,113.163.43.234
876,Gracia,Fidgett,gfidgettob@1688.com,Female,173.145.3.85
877,Janeva,Squirrel,jsquirreloc@angelfire.com,Female,254.219.153.216
878,Celene,Cracie,ccracieod@oakley.com,Female,245.98.172.191
879,Quent,Giral,qgiraloe@squarespace.com,Male,111.250.52.209
880,Janine,Hintze,jhintzeof@dagondesign.com,Female,211.37.33.115
881,Karee,Rydeard,krydeardog@sohu.com,Female,225.173.43.206
882,Tannie,Briddle,tbriddleoh@dmoz.org,Male,201.119.80.214
883,Erik,Itzkovitch,eitzkovitchoi@bravesites.com,Male,166.18.115.63
884,Frants,Denisyuk,fdenisyukoj@discovery.com,Male,61.217.170.236
885,Emmery,Lejeune,elejeuneok@google.nl,Male,41.65.131.185
886,Brannon,Jennens,bjennensol@unc.edu,Male,173.117.3.24
887,Dewey,Romayne,dromayneom@wikimedia.org,Male,185.110.162.236
888,Marthena,Candy,mcandyon@yahoo.com,Female,15.225.248.187
889,Layney,Probet,lprobetoo@china.com.cn,Non-binary,159.29.42.122
890,Christoper,Perren,cperrenop@berkeley.edu,Polygender,75.8.185.50
891,Matthaeus,Krolle,mkrolleoq@amazonaws.com,Male,45.18.64.142
892,Lazar,Nyland,lnylandor@usnews.com,Bigender,153.239.251.124
893,Shane,Gianuzzi,sgianuzzios@discuz.net,Male,79.181.100.4
894,Lon,Boyer,lboyerot@ehow.com,Male,82.134.76.74
895,Cheryl,Whitford,cwhitfordou@yahoo.co.jp,Female,226.45.114.163
896,Nora,Schwant,nschwantov@youku.com,Non-binary,224.142.182.33
897,Ruttger,Leglise,rlegliseow@uiuc.edu,Male,220.149.170.90
898,Victoir,Bapty,vbaptyox@ucla.edu,Male,206.49.202.127
899,Shelagh,Thonger,sthongeroy@hexun.com,Genderqueer,225.73.201.221
900,Ariel,Coslitt,acoslittoz@miibeian.gov.cn,Female,70.157.63.28
901,Clarabelle,Southcombe,csouthcombep0@seesaa.net,Female,162.198.64.196
902,Kaycee,Skures,kskuresp1@ocn.ne.jp,Female,191.50.202.24
903,Myrah,McSkin,mmcskinp2@dropbox.com,Female,65.153.169.114
904,Dalenna,Nutton,dnuttonp3@mysql.com,Female,101.142.244.16
905,Carita,Gaughan,cgaughanp4@chron.com,Female,192.107.11.205
906,Anatole,Gwillym,agwillymp5@latimes.com,Male,232.160.174.95
907,Damaris,Giffen,dgiffenp6@fotki.com,Female,88.246.227.148
908,Ramsey,Lowthorpe,rlowthorpep7@domainmarket.com,Male,49.134.66.20
909,Cathyleen,Melvin,cmelvinp8@bandcamp.com,Female,17.63.168.211
910,Milena,Martinello,mmartinellop9@senate.gov,Female,25.127.151.173
911,Torry,Lyddyard,tlyddyardpa@youku.com,Male,48.170.72.149
912,Adrienne,Velten,aveltenpb@soup.io,Female,1.28.104.24
913,Catriona,Tallboy,ctallboypc@squarespace.com,Female,206.12.138.104
914,Adolpho,Giggie,agiggiepd@businessweek.com,Male,127.63.33.164
915,Toinette,Bauer,tbauerpe@sogou.com,Agender,104.87.39.73
916,Lesley,Towsie,ltowsiepf@aol.com,Male,178.207.208.73
917,Jacquetta,MacGettigen,jmacgettigenpg@epa.gov,Female,197.28.13.166
918,Guss,Moorerud,gmoorerudph@chron.com,Male,19.37.229.118
919,Ardis,McKerton,amckertonpi@vk.com,Agender,106.133.120.31
920,Tonye,Orpwood,torpwoodpj@oakley.com,Female,1.199.156.54
921,Beitris,Vanacci,bvanaccipk@nasa.gov,Female,86.118.209.48
922,Erin,Josephov,ejosephovpl@so-net.ne.jp,Male,166.86.80.150
923,Shem,Nare,snarepm@wordpress.org,Male,61.118.43.162
924,Arne,Julian,ajulianpn@vimeo.com,Male,51.217.179.244
925,Demeter,Gosker,dgoskerpo@etsy.com,Female,54.164.17.205
926,Perry,Samwyse,psamwysepp@shutterfly.com,Male,150.224.103.102
927,Sascha,Ryall,sryallpq@altervista.org,Female,75.242.136.162
928,Kippy,Pickton,kpicktonpr@purevolume.com,Female,195.67.40.80
929,Carlen,Catterson,ccattersonps@facebook.com,Female,29.247.104.112
930,Nicholle,Fackrell,nfackrellpt@histats.com,Female,14.182.182.13
931,Janelle,Ornells,jornellspu@google.com.hk,Female,159.57.154.108
932,Loraine,Bunney,lbunneypv@economist.com,Female,1.158.164.31
933,Crystal,Andrich,candrichpw@examiner.com,Female,186.79.65.77
934,Amory,Pringer,apringerpx@oakley.com,Male,175.189.11.231
935,Shell,Pakenham,spakenhampy@mediafire.com,Female,2.216.184.196
936,Mord,Rubinsohn,mrubinsohnpz@bravesites.com,Male,253.216.8.94
937,Kearney,Ullrich,kullrichq0@washington.edu,Male,200.2.221.93
938,Davey,Markussen,dmarkussenq1@phpbb.com,Male,59.188.80.189
939,Analise,Stoffers,astoffersq2@mac.com,Female,176.243.94.41
940,Alasteir,Godleman,agodlemanq3@blinklist.com,Male,138.113.33.194
941,Isidoro,Threadgall,ithreadgallq4@un.org,Male,218.200.83.147
942,Howie,Peniello,hpenielloq5@odnoklassniki.ru,Male,159.46.221.90
943,Kean,Riddle,kriddleq6@usda.gov,Male,40.219.242.109
944,Sansone,Thomton,sthomtonq7@meetup.com,Male,58.123.167.232
945,Gregorio,Pettisall,gpettisallq8@surveymonkey.com,Male,232.236.230.19
946,Reube,Tregenna,rtregennaq9@china.com.cn,Male,217.43.68.27
947,Vonnie,Kenson,vkensonqa@google.co.jp,Female,97.3.153.70
948,Sayer,Dart,sdartqb@tamu.edu,Male,154.153.100.247
949,Jessamine,Aspinell,jaspinellqc@yellowbook.com,Female,64.116.154.57
950,Aida,Levis,alevisqd@photobucket.com,Female,199.75.19.183
951,Henryetta,Schole,hscholeqe@pen.io,Female,163.18.201.182
952,Kathie,Strephan,kstrephanqf@sciencedirect.com,Female,255.153.102.2
953,Micheal,Ciccottio,mciccottioqg@163.com,Male,14.18.243.155
954,Efrem,Meys,emeysqh@ucoz.com,Male,124.168.156.63
955,Derwin,Linley,dlinleyqi@ezinearticles.com,Male,71.49.20.108
956,Maxie,Beeke,mbeekeqj@webmd.com,Male,128.160.88.95
957,Alfy,Napthine,anapthineqk@walmart.com,Male,172.94.128.120
958,Hope,Robardley,hrobardleyql@dyndns.org,Female,54.104.77.76
959,Michele,Amberg,mambergqm@multiply.com,Bigender,56.194.241.9
960,Lyda,Cabbell,lcabbellqn@gravatar.com,Female,131.214.144.41
961,Bobbye,Glendenning,bglendenningqo@comcast.net,Female,106.64.127.242
962,Shir,Avrahm,savrahmqp@apple.com,Female,192.109.154.10
963,Archambault,McMyler,amcmylerqq@angelfire.com,Male,246.62.175.73
964,Shandie,Tetla,stetlaqr@free.fr,Female,2.27.113.78
965,Augy,Pickin,apickinqs@mit.edu,Male,152.248.37.76
966,Tadio,Hocking,thockingqt@cmu.edu,Male,221.27.29.238
967,Danni,Corneck,dcorneckqu@about.com,Female,64.73.96.180
968,Art,Grcic,agrcicqv@privacy.gov.au,Male,168.80.152.191
969,Bobbi,Cullagh,bcullaghqw@va.gov,Female,39.4.178.39
970,Helyn,Asif,hasifqx@biglobe.ne.jp,Female,110.202.115.208
971,Anderson,Burdess,aburdessqy@blogspot.com,Male,202.206.36.2
972,Natasha,Waterhowse,nwaterhowseqz@4shared.com,Female,171.100.159.3
973,Murvyn,Struan,mstruanr0@tuttocitta.it,Male,179.111.129.175
974,Rodrick,Shimmin,rshimminr1@delicious.com,Male,100.67.50.40
975,Cosmo,Ghelardoni,cghelardonir2@istockphoto.com,Male,51.152.55.38
976,Myca,Baumber,mbaumberr3@ning.com,Male,196.252.50.196
977,Lauri,McCreath,lmccreathr4@thetimes.co.uk,Female,220.209.132.245
978,Winn,Kubik,wkubikr5@soup.io,Male,215.155.37.200
979,Adel,Darinton,adarintonr6@aboutads.info,Female,100.53.95.239
980,Sean,Chippindale,schippindaler7@xinhuanet.com,Bigender,155.23.238.28
981,Davine,Rudgley,drudgleyr8@buzzfeed.com,Female,179.225.15.40
982,Gustie,Bunkle,gbunkler9@springer.com,Female,49.248.12.116
983,Osbourne,Atterbury,oatterburyra@walmart.com,Male,205.115.186.112
984,Calypso,Christon,cchristonrb@mail.ru,Female,95.227.13.205
985,Branden,Strutt,bstruttrc@vimeo.com,Male,57.162.94.176
986,Gwendolen,Olsson,golssonrd@sphinn.com,Female,226.223.73.87
987,Rikki,Thirst,rthirstre@pen.io,Female,153.181.90.70
988,Thebault,Money,tmoneyrf@comcast.net,Male,214.122.167.117
989,Dinny,Sheppey,dsheppeyrg@mashable.com,Female,1.70.4.165
990,Dunc,Ashley,dashleyrh@sun.com,Male,67.28.28.210
991,Vikky,Gonnel,vgonnelri@sciencedaily.com,Female,155.122.214.182
992,Obadiah,Killick,okillickrj@wix.com,Male,250.102.130.147
993,Becca,Kays,bkaysrk@over-blog.com,Female,193.35.134.134
994,Hoebart,Dougary,hdougaryrl@acquirethisname.com,Male,217.154.248.238
995,Jamie,Hebbron,jhebbronrm@china.com.cn,Bigender,76.182.115.49
996,Brittany,Easterbrook,beasterbrookrn@house.gov,Female,180.241.163.200
997,Boothe,Fehely,bfehelyro@smh.com.au,Male,201.189.116.32
998,Merilyn,Jurisch,mjurischrp@hexun.com,Non-binary,130.120.128.241
999,Walliw,Bunney,wbunneyrq@salon.com,Female,66.159.168.146
1000,Cary,Thoday,cthodayrr@ask.com,Male,168.1.40.24
