id,first_name,last_name,email,gender,ip_address
1,Sylvester,Penylton,spenylton0@noaa.gov,Male,90.48.30.17
2,Norbie,Ventris,nventris1@theglobeandmail.com,Male,178.179.122.166
3,Belicia,Sterrick,bsterrick2@yahoo.com,Female,100.90.238.79
4,Terri,Dulen,tdulen3@oaic.gov.au,Male,25.205.112.80
5,Reynold,Feldhammer,rfeldhammer4@mysql.com,Bigender,200.156.50.237
6,Isobel,Nibley,inibley5@netscape.com,Female,188.15.33.171
7,Shelia,Denerley,sdenerley6@example.com,Female,86.29.137.237
8,Temple,Dodshon,tdodshon7@ezinearticles.com,Genderqueer,107.122.190.148
9,Helen-elizabeth,Folder,hfolder8@4shared.com,Female,25.107.164.132
10,Madeleine,Lukins,mlukins9@multiply.com,Female,89.37.7.232
11,Lanie,Jordeson,ljordesona@constantcontact.com,Female,154.65.246.235
12,Marchall,Lumby,mlumbyb@shareasale.com,Male,100.238.174.149
13,Griffy,Sewill,gsewillc@yelp.com,Male,181.96.250.138
14,Binny,Geertje,bgeertjed@bandcamp.com,Female,22.96.98.21
15,Luise,Colclough,lcolcloughe@usgs.gov,Female,231.120.55.121
16,Chaunce,Aughton,caughtonf@wikispaces.com,Male,9.240.161.66
17,Trudi,Langcaster,tlangcasterg@answers.com,Female,10.159.117.113
18,Abigael,Downey,adowneyh@mapy.cz,Female,83.136.134.55
19,Yul,Virgoe,yvirgoei@edublogs.org,Male,11.204.61.183
20,Janos,Ikringill,jikringillj@ted.com,Male,1.170.74.240
21,Dorise,Di Francesco,ddifrancescok@businessinsider.com,Non-binary,196.47.201.114
22,Lynnelle,Braghini,lbraghinil@globo.com,Female,133.255.54.10
23,Cos,Gilvear,cgilvearm@technorati.com,Bigender,118.160.45.10
24,Sancho,Pursehouse,spursehousen@linkedin.com,Male,113.80.157.76
25,Ester,Louiset,elouiseto@addthis.com,Bigender,71.55.43.110
26,Hallie,Cellone,hcellonep@netvibes.com,Genderqueer,172.178.137.89
27,Alonso,Limbourne,alimbourneq@time.com,Male,26.197.253.66
28,Bord,Pottle,bpottler@pinterest.com,Male,87.158.131.98
29,Lothario,Orro,lorros@mayoclinic.com,Male,65.242.190.203
30,Brendin,Pedracci,bpedraccit@eventbrite.com,Male,195.149.188.8
31,Nap,Ferenczi,nferencziu@ca.gov,Male,61.249.120.2
32,Neda,Silverson,nsilversonv@mysql.com,Female,2.5.126.178
33,Saunder,Hake,shakew@ucoz.com,Agender,65.61.90.183
34,Annabell,Tipping,atippingx@reverbnation.com,Female,85.117.214.216
35,Billie,Dumbelton,bdumbeltony@51.la,Male,169.24.196.218
36,Raimundo,Vivash,rvivashz@reverbnation.com,Male,54.18.185.180
37,Albert,Santer,asanter10@dmoz.org,Male,206.8.228.198
38,Claude,Perdue,cperdue11@stanford.edu,Female,59.211.31.197
39,Dexter,Piper,dpiper12@trellian.com,Male,156.231.192.1
40,Erda,Amor,eamor13@vimeo.com,Female,248.120.88.67
41,Elita,Gladwish,egladwish14@microsoft.com,Female,174.64.59.253
42,Wally,Dochon,wdochon15@123-reg.co.uk,Female,119.46.25.38
43,Miller,Ellsworthe,mellsworthe16@utexas.edu,Male,177.209.3.61
44,Lovell,Cranmor,lcranmor17@nationalgeographic.com,Male,237.192.24.205
45,Zea,Heibel,zheibel18@google.ru,Female,248.6.5.51
46,Cecelia,Scawen,cscawen19@freewebs.com,Genderfluid,108.214.200.76
47,Kristos,Giacobazzi,kgiacobazzi1a@soundcloud.com,Male,209.60.155.239
48,Raviv,Gauche,rgauche1b@state.gov,Male,36.218.158.30
49,Brianna,Czajkowski,bczajkowski1c@pinterest.com,Female,93.118.234.229
50,Billie,Shakelady,bshakelady1d@php.net,Male,149.211.214.239
51,Kath,Tanser,ktanser1e@uol.com.br,Female,185.232.75.185
52,Sean,Gianiello,sgianiello1f@lycos.com,Male,183.55.88.98
53,Lory,Niccols,lniccols1g@123-reg.co.uk,Female,190.26.154.187
54,Briant,Housley,bhousley1h@t-online.de,Male,25.137.189.162
55,Gwen,Antosik,gantosik1i@skyrock.com,Female,8.205.124.46
56,Isahella,Chopin,ichopin1j@squidoo.com,Female,185.155.47.202
57,Marabel,Handrahan,mhandrahan1k@dailymotion.com,Female,196.86.150.65
58,Lise,But,lbut1l@umn.edu,Female,196.222.113.122
59,Pavel,Toffler,ptoffler1m@indiegogo.com,Male,158.81.224.139
60,Sherlock,Thorp,sthorp1n@163.com,Male,70.74.89.46
61,Althea,Wescott,awescott1o@networkadvertising.org,Female,62.25.226.151
62,Aubrette,O'Brallaghan,aobrallaghan1p@npr.org,Female,124.99.237.61
63,Benedick,McGinty,bmcginty1q@storify.com,Non-binary,149.150.226.99
64,Cherie,Di Carli,cdicarli1r@sitemeter.com,Female,204.140.108.183
65,Quintilla,Winterbotham,qwinterbotham1s@ebay.co.uk,Female,18.63.192.75
66,Jane,Ricca,jricca1t@amazon.com,Female,87.184.117.217
67,Cathy,Fletham,cfletham1u@cam.ac.uk,Female,133.152.26.157
68,Simonette,Pray,spray1v@pbs.org,Female,75.12.110.106
69,Thorsten,Gossart,tgossart1w@google.pl,Male,166.55.54.211
70,Brantley,Martinet,bmartinet1x@hostgator.com,Male,254.28.232.228
71,Axe,Longhorne,alonghorne1y@elegantthemes.com,Bigender,77.114.37.48
72,Ashly,Speares,aspeares1z@wsj.com,Female,44.65.180.160
73,Nappie,Kneeland,nkneeland20@google.ca,Male,4.223.48.171
74,Arman,Taylour,ataylour21@virginia.edu,Male,80.139.156.84
75,Marlee,Lutas,mlutas22@miibeian.gov.cn,Female,203.5.0.193
76,Dietrich,Lowder,dlowder23@digg.com,Male,40.1.240.171
77,Tammy,Sherratt,tsherratt24@wufoo.com,Female,5.197.194.48
78,Tessy,Vibert,tvibert25@squarespace.com,Female,68.174.47.39
79,Cash,Riedel,criedel26@marketwatch.com,Male,62.213.131.221
80,Calhoun,Ordemann,cordemann27@g.co,Male,89.48.106.21
81,Beaufort,Treamayne,btreamayne28@cocolog-nifty.com,Male,119.90.26.248
82,Alejoa,Yearby,ayearby29@berkeley.edu,Male,56.250.25.39
83,Haywood,Woodrooffe,hwoodrooffe2a@stumbleupon.com,Male,107.117.34.139
84,Afton,Gaukroger,agaukroger2b@miitbeian.gov.cn,Female,95.157.183.2
85,Fredrick,Chritchley,fchritchley2c@omniture.com,Male,193.169.138.105
86,Panchito,Acum,pacum2d@flickr.com,Male,181.127.40.42
87,Mari,Amy,mamy2e@t-online.de,Female,43.192.219.181
88,Melisenda,Firmage,mfirmage2f@hp.com,Female,234.3.70.176
89,Dana,Barnwill,dbarnwill2g@booking.com,Polygender,40.112.102.144
90,Baryram,Srawley,bsrawley2h@yale.edu,Male,24.100.101.223
91,Nertie,Chipman,nchipman2i@redcross.org,Female,244.202.117.58
92,Kin,Chase,kchase2j@bandcamp.com,Male,78.26.228.153
93,Willabella,Hedderly,whedderly2k@mediafire.com,Female,3.43.165.183
94,Ruperto,Sleep,rsleep2l@hubpages.com,Male,127.47.79.104
95,Rosalind,Hucklesby,rhucklesby2m@seesaa.net,Female,14.11.226.16
96,Vallie,Gittose,vgittose2n@taobao.com,Female,171.36.87.161
97,Lila,Colerick,lcolerick2o@huffingtonpost.com,Female,37.201.56.9
98,Garwin,Le-Good,glegood2p@ftc.gov,Male,222.199.39.240
99,Fonsie,Doddemeede,fdoddemeede2q@utexas.edu,Male,125.68.239.195
100,Antonella,Jillins,ajillins2r@illinois.edu,Female,185.89.171.108
