id,first_name,last_name,email,gender,ip_address
1101,Yul,Linthead,ylinthead0@wordpress.org,Male,78.43.228.227
1102,Wolfie,Rogier,wrogier1@examiner.com,Male,166.251.220.16
1103,Burty,Luna,bluna2@nasa.gov,Male,247.13.9.231
1104,Marcelo,Brafield,mbrafield3@thetimes.co.uk,Male,152.23.193.38
1105,Ferrel,Mc Cahey,fmccahey4@discovery.com,Male,75.142.12.97
1106,Armand,Dows,adows5@netlog.com,Male,17.75.105.29
1107,Jack,Cherm,jcherm6@scientificamerican.com,Male,128.142.101.59
1108,Koressa,Braidwood,kbraidwood7@google.ru,Female,47.26.117.202
1109,Gwenneth,O'Rodane,gorodane8@skype.com,Female,109.178.149.116
1110,Arda,Broadbere,abroadbere9@youtube.com,Bigender,36.249.38.216
1111,Fransisco,MacLese,fmaclesea@unblog.fr,Male,190.41.14.254
1112,Jeromy,Cheke,jchekeb@sciencedaily.com,Genderqueer,195.68.35.126
1113,Nissa,Lind,nlindc@mediafire.com,Female,167.15.112.3
1114,Freddy,Van Cassel,fvancasseld@geocities.jp,Agender,223.241.129.87
1115,Ervin,Weiner,eweinere@cyberchimps.com,Male,52.43.31.222
1116,Gal,Taynton,gtayntonf@tripadvisor.com,Male,239.47.148.75
1117,Blakelee,Worling,bworlingg@google.com.au,Female,73.63.238.10
1118,Nichols,Tattersall,ntattersallh@elpais.com,Male,193.35.39.119
1119,Eben,Mulholland,emulhollandi@ameblo.jp,Male,147.68.181.171
1120,Yolanda,Sadd,ysaddj@cnet.com,Female,51.98.242.62
1121,Haslett,Rehme,hrehmek@linkedin.com,Polygender,227.23.30.152
1122,Raddy,Durand,rdurandl@comsenz.com,Agender,49.145.249.38
1123,Gretta,Josselsohn,gjosselsohnm@netvibes.com,Bigender,169.208.89.71
1124,Maxy,Maevela,mmaevelan@paginegialle.it,Male,93.171.187.173
1125,Alvera,Stolze,astolzeo@aboutads.info,Female,227.194.81.249
1126,Tiffanie,Piggrem,tpiggremp@vimeo.com,Female,175.32.191.28
1127,Coleen,Whapple,cwhappleq@csmonitor.com,Female,220.103.220.93
1128,Brooks,Seres,bseresr@bluehost.com,Male,135.169.116.130
1129,Gearard,Symms,gsymmss@cnet.com,Male,59.63.164.184
1130,Rayner,Nibley,rnibleyt@mail.ru,Male,238.177.145.55
1131,Bancroft,Awdry,bawdryu@opensource.org,Male,14.58.134.199
1132,Dyan,Priddle,dpriddlev@dagondesign.com,Female,90.115.236.93
1133,Nananne,Terrey,nterreyw@instagram.com,Genderqueer,78.198.157.2
1134,Thomas,Cabrer,tcabrerx@biglobe.ne.jp,Male,79.26.108.184
1135,Rhodie,Venturoli,rventuroliy@wordpress.org,Female,24.90.85.159
1136,Burt,Mastrantone,bmastrantonez@bravesites.com,Male,178.162.110.149
1137,Wilmette,Bruni,wbruni10@adobe.com,Female,44.204.102.123
1138,Bondon,Pires,bpires11@sun.com,Male,182.239.190.41
1139,Adoree,Bonnaire,abonnaire12@issuu.com,Female,238.13.84.5
1140,Auguste,Ramsey,aramsey13@unblog.fr,Female,169.139.80.24
1141,Isahella,Sterrick,isterrick14@opera.com,Female,94.251.177.68
1142,Clevey,Guilloux,cguilloux15@linkedin.com,Male,88.225.183.244
1143,Averil,Whitwam,awhitwam16@fema.gov,Male,219.245.129.208
1144,Wenona,Adamsen,wadamsen17@histats.com,Female,253.241.147.152
1145,Marvin,Doge,mdoge18@oracle.com,Male,17.253.102.180
1146,Sybil,Vockins,svockins19@moonfruit.com,Female,42.131.144.184
1147,Valma,Kevern,vkevern1a@aol.com,Female,3.129.172.75
1148,John,Blyde,jblyde1b@unesco.org,Male,241.50.8.238
1149,Nita,Bolte,nbolte1c@sohu.com,Female,43.17.247.173
1150,Marketa,Spolton,mspolton1d@alexa.com,Female,39.115.127.72
1151,Adan,Dade,adade1e@goodreads.com,Non-binary,231.64.219.40
1152,Ephraim,MacConnal,emacconnal1f@kickstarter.com,Male,43.188.116.229
1153,Yehudit,Pedersen,ypedersen1g@amazon.co.uk,Male,148.169.192.219
1154,Birk,Celier,bcelier1h@nba.com,Male,29.175.185.47
1155,Opalina,Elton,oelton1i@usatoday.com,Polygender,95.53.64.74
1156,Wendye,Danes,wdanes1j@va.gov,Female,244.87.187.62
1157,Frankie,Swaysland,fswaysland1k@blogger.com,Female,119.240.220.116
1158,Jannelle,Botha,jbotha1l@cbc.ca,Female,78.152.83.252
1159,Sterne,Strattan,sstrattan1m@nsw.gov.au,Male,240.10.24.97
1160,Wilfred,Alvares,walvares1n@alibaba.com,Male,243.67.92.118
1161,Delcine,Mauchlen,dmauchlen1o@thetimes.co.uk,Female,179.234.206.134
1162,Mar,Bemment,mbemment1p@gizmodo.com,Male,131.30.130.250
1163,Wolfie,Charity,wcharity1q@unicef.org,Male,113.51.248.174
1164,Neill,Abbot,nabbot1r@canalblog.com,Polygender,173.149.233.88
1165,Dorotea,Feron,dferon1s@house.gov,Female,54.76.37.255
1166,Koralle,Durgan,kdurgan1t@friendfeed.com,Female,231.244.139.93
1167,Jarrad,Caret,jcaret1u@squidoo.com,Male,7.25.41.137
1168,Tally,Fuente,tfuente1v@addtoany.com,Male,211.22.179.4
1169,Packston,Aizikovitz,paizikovitz1w@slate.com,Male,9.148.195.195
1170,Lilli,Ritter,lritter1x@sina.com.cn,Female,138.234.69.116
1171,Gaelan,Elders,gelders1y@clickbank.net,Male,4.67.61.220
1172,Chrystal,Burkwood,cburkwood1z@live.com,Female,210.97.170.36
1173,Conroy,Aylen,caylen20@huffingtonpost.com,Male,88.36.84.131
1174,Edd,Allebone,eallebone21@yellowbook.com,Male,186.108.35.54
1175,Caroline,Camous,ccamous22@angelfire.com,Bigender,154.224.124.11
1176,Bennett,Flintuff,bflintuff23@squarespace.com,Male,85.49.31.236
1177,Patton,Salan,psalan24@unicef.org,Non-binary,164.167.147.102
1178,Ailina,Houten,ahouten25@gmpg.org,Female,108.160.149.104
1179,Edlin,Feaviour,efeaviour26@mashable.com,Male,48.252.62.77
1180,Annabelle,Mager,amager27@odnoklassniki.ru,Female,38.55.99.6
1181,Sansone,McGinnell,smcginnell28@umich.edu,Male,244.34.44.240
1182,Catarina,Angus,cangus29@guardian.co.uk,Female,134.246.7.33
1183,Bald,Farron,bfarron2a@ask.com,Male,239.70.30.77
1184,Kimmi,Pagel,kpagel2b@umich.edu,Female,15.12.33.193
1185,Glennie,Tampin,gtampin2c@webeden.co.uk,Female,206.213.215.158
1186,Gris,Pitchford,gpitchford2d@cargocollective.com,Male,245.134.245.228
1187,Merrilee,Tafani,mtafani2e@unc.edu,Female,107.163.94.147
1188,Teresita,Goose,tgoose2f@instagram.com,Female,184.156.84.229
1189,Bail,Lukasik,blukasik2g@cbslocal.com,Male,37.2.210.195
1190,Dalton,Thornally,dthornally2h@arizona.edu,Male,67.180.66.14
1191,Wald,Tuffrey,wtuffrey2i@economist.com,Male,53.192.71.227
1192,Benedetto,Revett,brevett2j@miitbeian.gov.cn,Male,181.137.216.23
1193,Renato,Aubert,raubert2k@tripadvisor.com,Non-binary,245.231.122.161
1194,Lyle,Simkins,lsimkins2l@mayoclinic.com,Male,109.243.247.33
1195,Amaleta,O'Shields,aoshields2m@usnews.com,Female,121.189.215.133
1196,Lurlene,Perle,lperle2n@bloglovin.com,Female,250.240.228.178
1197,Ethel,Lincoln,elincoln2o@earthlink.net,Female,197.244.221.135
1198,Reese,Bewsey,rbewsey2p@diigo.com,Male,39.207.12.104
1199,Bertrando,Haysom,bhaysom2q@about.com,Male,185.168.32.174
1200,Genni,Balchen,gbalchen2r@soundcloud.com,Genderfluid,243.26.88.72
1201,Katy,Grimmert,kgrimmert2s@issuu.com,Female,9.26.255.254
1202,Megan,Andersen,mandersen2t@adobe.com,Female,50.115.240.225
1203,Alys,Gilbody,agilbody2u@a8.net,Non-binary,150.69.232.152
1204,Winne,Jaqueminet,wjaqueminet2v@vkontakte.ru,Female,134.218.196.101
1205,Etienne,Bachman,ebachman2w@slashdot.org,Male,186.208.65.151
1206,Janel,Leworthy,jleworthy2x@xrea.com,Female,245.67.147.230
1207,Hally,Finnie,hfinnie2y@earthlink.net,Female,124.68.212.66
1208,Myra,Cowern,mcowern2z@blinklist.com,Female,208.1.0.87
1209,Fey,Cardenoza,fcardenoza30@samsung.com,Female,229.27.227.26
1210,Maire,Kaspar,mkaspar31@amazon.co.jp,Female,193.254.2.56
1211,Gussi,Crosser,gcrosser32@discuz.net,Female,30.46.215.178
1212,Fleurette,Cicculi,fcicculi33@google.co.uk,Female,112.5.143.227
1213,Eydie,Sanbrooke,esanbrooke34@google.com.br,Bigender,210.24.179.72
1214,Thorstein,Pearn,tpearn35@aol.com,Male,19.29.206.116
1215,Jenica,Comizzoli,jcomizzoli36@accuweather.com,Female,65.105.1.246
1216,Romonda,Tooley,rtooley37@cbslocal.com,Female,163.185.101.204
1217,Rodrique,Borland,rborland38@imgur.com,Polygender,211.44.27.33
1218,Lida,Mc Gee,lmcgee39@baidu.com,Female,245.119.138.158
1219,Skippie,Sobczak,ssobczak3a@deliciousdays.com,Genderqueer,234.149.111.234
1220,Jere,Cumberland,jcumberland3b@creativecommons.org,Female,238.123.97.183
1221,Karrie,McBratney,kmcbratney3c@edublogs.org,Female,14.219.182.53
1222,Randolf,Kytter,rkytter3d@networksolutions.com,Male,206.29.173.10
1223,Fifine,Mead,fmead3e@t-online.de,Female,85.66.192.140
1224,Dannie,Lamacraft,dlamacraft3f@wikimedia.org,Polygender,249.202.154.174
1225,Cyndi,Ivanets,civanets3g@amazonaws.com,Female,238.187.32.74
1226,Stanfield,Cowderoy,scowderoy3h@php.net,Male,2.47.34.172
1227,Carlin,Wayvill,cwayvill3i@odnoklassniki.ru,Male,230.60.162.169
1228,Phil,Hazart,phazart3j@marketwatch.com,Female,191.105.110.14
1229,Conrado,Chishull,cchishull3k@salon.com,Agender,196.149.242.146
1230,Eleen,Kleinstub,ekleinstub3l@hp.com,Female,168.248.41.237
1231,Quincey,Greatbach,qgreatbach3m@cisco.com,Male,147.236.62.219
1232,Jorie,Hallaways,jhallaways3n@craigslist.org,Female,245.185.170.230
1233,Puff,Baszkiewicz,pbaszkiewicz3o@storify.com,Male,84.112.108.40
1234,Georgena,Dawidowicz,gdawidowicz3p@netvibes.com,Female,30.206.229.186
1235,Moss,Tabord,mtabord3q@over-blog.com,Male,192.188.9.251
1236,Alyssa,Hinkes,ahinkes3r@microsoft.com,Female,9.32.188.134
1237,Micaela,Ruddy,mruddy3s@sun.com,Female,221.200.111.165
1238,Maxy,Pires,mpires3t@google.cn,Male,220.157.67.207
1239,Carolee,Muckian,cmuckian3u@ibm.com,Female,181.191.3.252
1240,Andreas,Cregan,acregan3v@answers.com,Male,205.231.5.205
1241,Zack,Morman,zmorman3w@w3.org,Male,170.234.122.141
1242,Nicholle,Rosencrantz,nrosencrantz3x@reverbnation.com,Female,28.124.41.134
1243,Brigham,Blomefield,bblomefield3y@reddit.com,Male,155.180.114.226
1244,Joanna,Druce,jdruce3z@house.gov,Female,13.173.2.61
1245,Micheil,Thunderchief,mthunderchief40@wsj.com,Male,240.8.146.41
1246,Ariadne,Abraham,aabraham41@posterous.com,Female,212.58.113.34
1247,Tim,Duferie,tduferie42@go.com,Male,92.121.129.77
1248,Kandy,Wandrey,kwandrey43@cloudflare.com,Female,46.203.168.203
1249,Dorian,Corrie,dcorrie44@cocolog-nifty.com,Male,172.20.243.98
1250,Calv,Giannazzi,cgiannazzi45@wsj.com,Male,213.161.45.168
1251,Clevey,Petrov,cpetrov46@posterous.com,Male,161.2.96.219
1252,Shel,Thome,sthome47@miibeian.gov.cn,Female,20.197.33.13
1253,Fax,Swedeland,fswedeland48@pbs.org,Male,69.227.104.162
1254,Kean,Lawranson,klawranson49@last.fm,Male,10.227.204.76
1255,Petr,Priest,ppriest4a@blogspot.com,Male,179.97.186.72
1256,Ben,Human,bhuman4b@microsoft.com,Male,81.184.71.9
1257,Heinrick,Freeman,hfreeman4c@macromedia.com,Male,233.66.125.163
1258,Randell,Mattecot,rmattecot4d@quantcast.com,Male,171.28.145.216
1259,Phedra,Tetsall,ptetsall4e@cloudflare.com,Agender,56.50.180.179
1260,Marlyn,Freeborne,mfreeborne4f@twitter.com,Female,224.45.65.144
1261,Garland,Roughan,groughan4g@unblog.fr,Female,200.169.13.176
1262,Miguel,Aindrais,maindrais4h@mlb.com,Male,141.178.181.74
1263,Livvie,Livings,llivings4i@digg.com,Female,3.124.81.126
1264,Shina,Fraanchyonok,sfraanchyonok4j@issuu.com,Polygender,59.32.101.6
1265,Sergio,Itzik,sitzik4k@ning.com,Male,207.72.147.49
1266,Aloin,Tourry,atourry4l@patch.com,Male,248.183.142.209
1267,Nicko,Goodliff,ngoodliff4m@google.pl,Male,26.78.53.39
1268,Otis,Dodshun,ododshun4n@pen.io,Male,106.232.247.247
1269,Tomaso,Purdey,tpurdey4o@nationalgeographic.com,Male,132.57.158.88
1270,Theda,Willmott,twillmott4p@1688.com,Female,57.37.182.77
1271,Wilona,Nitti,wnitti4q@economist.com,Polygender,26.181.49.49
1272,Ogden,Devericks,odevericks4r@hexun.com,Male,82.98.139.113
1273,Omar,Buttwell,obuttwell4s@dailymotion.com,Male,196.160.188.204
1274,Cornie,Bernade,cbernade4t@shutterfly.com,Female,10.141.188.40
1275,Maressa,Bellison,mbellison4u@ning.com,Female,163.174.248.65
1276,Rudie,Sterte,rsterte4v@bloglovin.com,Male,64.51.48.211
1277,Burt,Darrigoe,bdarrigoe4w@mapquest.com,Male,36.126.245.135
1278,Guglielma,Bernaldo,gbernaldo4x@flickr.com,Female,156.216.173.107
1279,Phillipe,Iffland,piffland4y@washington.edu,Male,130.178.25.21
1280,Lamont,Albinson,lalbinson4z@census.gov,Bigender,87.110.204.103
1281,Quillan,McVity,qmcvity50@cloudflare.com,Male,117.64.24.132
1282,Roxanna,Glasspool,rglasspool51@nydailynews.com,Female,140.87.94.190
1283,Raf,Manley,rmanley52@loc.gov,Female,147.49.239.209
1284,Tuckie,Badini,tbadini53@youku.com,Male,173.52.88.65
1285,Leila,Thow,lthow54@merriam-webster.com,Polygender,200.186.66.121
1286,Way,Thorrold,wthorrold55@sitemeter.com,Male,51.87.207.101
1287,Heidie,Cockshut,hcockshut56@google.es,Female,163.91.49.30
1288,Edie,Bayles,ebayles57@storify.com,Female,171.97.108.89
1289,Wyatt,Vase,wvase58@yellowbook.com,Male,99.110.69.150
1290,Erhard,Malyan,emalyan59@blogger.com,Male,178.192.23.24
1291,Olia,Walder,owalder5a@blogs.com,Female,71.140.10.17
1292,Gonzalo,Gommery,ggommery5b@addtoany.com,Male,154.49.34.137
1293,Hollis,Gilogly,hgilogly5c@taobao.com,Male,200.21.145.208
1294,Jillana,Faunt,jfaunt5d@pagesperso-orange.fr,Genderfluid,150.97.186.92
1295,Reggis,Vasilkov,rvasilkov5e@un.org,Polygender,127.134.111.105
1296,Pace,Sabattier,psabattier5f@wp.com,Male,5.94.69.99
1297,Harmon,Tupp,htupp5g@nih.gov,Male,57.91.188.203
1298,Clementia,Ralls,cralls5h@taobao.com,Female,225.190.66.233
1299,Derrik,Twigg,dtwigg5i@live.com,Genderqueer,165.29.55.163
1300,Tabina,Milkin,tmilkin5j@amazon.co.uk,Female,81.211.76.53
1301,Matias,Brunelli,mbrunelli5k@hugedomains.com,Male,221.195.113.185
1302,Bunni,Yeliashev,byeliashev5l@fastcompany.com,Polygender,73.251.115.56
1303,Jarrid,Mocker,jmocker5m@wired.com,Male,250.253.21.168
1304,Davita,Belin,dbelin5n@pbs.org,Female,225.117.232.103
1305,Marianna,Caven,mcaven5o@shop-pro.jp,Genderfluid,38.226.17.134
1306,Kelsy,Duley,kduley5p@mysql.com,Female,165.62.70.35
1307,Danita,Prando,dprando5q@utexas.edu,Female,182.217.89.247
1308,Hogan,Headings,hheadings5r@gmpg.org,Male,14.190.63.211
1309,Gretal,Guinan,gguinan5s@pcworld.com,Female,48.5.173.55
1310,Anna-diana,Churches,achurches5t@hud.gov,Female,143.136.196.222
1311,Obadiah,Crossgrove,ocrossgrove5u@state.gov,Male,127.185.130.214
1312,Ezra,Mobbs,emobbs5v@reverbnation.com,Genderfluid,146.174.96.238
1313,Alys,Padrick,apadrick5w@miibeian.gov.cn,Female,146.206.147.88
1314,Ax,Tease,atease5x@wordpress.org,Male,241.134.20.154
1315,Josselyn,Remer,jremer5y@simplemachines.org,Female,116.73.52.100
1316,Vicky,Grisenthwaite,vgrisenthwaite5z@skyrock.com,Female,124.66.130.23
1317,Haily,McVeigh,hmcveigh60@gmpg.org,Female,249.142.151.52
1318,Delmar,Siddon,dsiddon61@guardian.co.uk,Male,10.236.212.235
1319,Cecilius,Vagg,cvagg62@usnews.com,Male,173.90.166.178
1320,Lauren,Gaddie,lgaddie63@alibaba.com,Male,22.235.175.6
1321,Gerrie,Ferier,gferier64@merriam-webster.com,Male,139.136.197.70
1322,Peyter,Vassay,pvassay65@hatena.ne.jp,Male,212.176.199.171
1323,Leontyne,Boutflour,lboutflour66@statcounter.com,Female,130.97.177.125
1324,Winifield,Egar,wegar67@alexa.com,Male,234.47.160.188
1325,Arleta,Darkott,adarkott68@addthis.com,Female,197.9.169.131
1326,Chadwick,Dumbare,cdumbare69@vimeo.com,Male,15.122.148.226
1327,Lind,Frazier,lfrazier6a@webnode.com,Male,52.105.87.182
1328,Siouxie,Firby,sfirby6b@mapquest.com,Female,221.227.161.53
1329,Arther,Woodger,awoodger6c@domainmarket.com,Male,167.59.111.154
1330,Melisande,Shailer,mshailer6d@quantcast.com,Female,100.154.168.139
1331,Kathe,Thrussell,kthrussell6e@technorati.com,Female,190.3.77.136
1332,Marisa,Acory,macory6f@last.fm,Female,160.233.249.183
1333,Raven,Gallanders,rgallanders6g@pcworld.com,Female,226.5.161.68
1334,Markos,Yukhnin,myukhnin6h@drupal.org,Male,152.247.200.149
1335,Christa,Wastling,cwastling6i@tmall.com,Female,2.218.89.112
1336,Flem,Bashford,fbashford6j@booking.com,Non-binary,89.200.16.148
1337,Scott,Headech,sheadech6k@about.com,Non-binary,72.160.53.189
1338,Petronille,Nono,pnono6l@sciencedirect.com,Female,40.100.221.60
1339,Andres,Daubney,adaubney6m@alexa.com,Male,178.252.114.80
1340,Ursulina,Steinor,usteinor6n@aol.com,Female,116.28.107.12
1341,Erica,Alberts,ealberts6o@census.gov,Female,244.132.93.243
1342,Onofredo,Macari,omacari6p@technorati.com,Male,19.250.213.30
1343,Chanda,Tanton,ctanton6q@spiegel.de,Female,197.14.219.131
1344,Antoine,Burdekin,aburdekin6r@pbs.org,Male,80.81.22.253
1345,Jourdain,Whinray,jwhinray6s@elpais.com,Male,28.206.242.15
1346,Anya,Adamski,aadamski6t@umich.edu,Female,225.187.255.58
1347,Lek,Zimmerman,lzimmerman6u@fema.gov,Male,111.189.84.164
1348,Decca,Crowest,dcrowest6v@1und1.de,Male,80.183.130.93
1349,Hurleigh,Parmiter,hparmiter6w@free.fr,Male,189.251.250.49
1350,Lorna,Jerrold,ljerrold6x@ovh.net,Female,67.137.213.217
1351,Law,Gifford,lgifford6y@blinklist.com,Male,171.69.166.71
1352,Judas,Malkinson,jmalkinson6z@disqus.com,Non-binary,60.222.229.105
1353,Hendrick,O'Flynn,hoflynn70@ibm.com,Male,58.132.166.147
1354,Adara,Koppeck,akoppeck71@posterous.com,Female,70.140.117.5
1355,Viviana,Larby,vlarby72@hc360.com,Female,203.114.239.68
1356,Ignaz,Bettesworth,ibettesworth73@ihg.com,Male,22.165.134.115
1357,Bancroft,Sweeny,bsweeny74@ucla.edu,Male,0.22.216.100
1358,Wandis,Bonafant,wbonafant75@yahoo.co.jp,Female,108.7.202.232
1359,Avis,Szymanzyk,aszymanzyk76@unc.edu,Female,230.223.126.86
1360,Godwin,Soffe,gsoffe77@economist.com,Male,75.249.221.51
1361,Noell,Aspell,naspell78@discuz.net,Female,85.111.100.169
1362,Howie,Paris,hparis79@howstuffworks.com,Male,118.101.230.167
1363,Junia,Yarmouth,jyarmouth7a@networksolutions.com,Bigender,237.147.139.163
1364,Pegeen,Walbridge,pwalbridge7b@networksolutions.com,Female,16.93.105.56
1365,Kittie,Maxstead,kmaxstead7c@ucla.edu,Female,101.35.114.107
1366,Aigneis,Bremen,abremen7d@mysql.com,Female,75.170.219.26
1367,Frasco,Hiddsley,fhiddsley7e@i2i.jp,Male,209.43.212.235
1368,Stanly,Eva,seva7f@umn.edu,Male,125.215.224.103
1369,Jay,Bartaletti,jbartaletti7g@adobe.com,Male,102.13.119.3
1370,Rodney,Polamontayne,rpolamontayne7h@nydailynews.com,Male,152.123.139.159
1371,Ardra,Fewlass,afewlass7i@seattletimes.com,Female,54.225.80.85
1372,Binni,Butterley,bbutterley7j@engadget.com,Female,4.192.49.7
1373,Hakeem,Espinoy,hespinoy7k@gravatar.com,Male,99.169.67.55
1374,Doro,Ranfield,dranfield7l@mapquest.com,Female,19.75.113.108
1375,Nicolina,Swetland,nswetland7m@wordpress.org,Female,187.6.226.138
1376,Bell,Christmas,bchristmas7n@walmart.com,Female,15.107.238.84
1377,Nadiya,MattiCCI,nmatticci7o@slideshare.net,Female,121.248.223.46
1378,Leupold,Biddulph,lbiddulph7p@aol.com,Male,249.77.30.95
1379,Adore,Hawler,ahawler7q@columbia.edu,Female,40.163.7.125
1380,Kerk,Potten,kpotten7r@goodreads.com,Male,227.223.127.48
1381,Delbert,Dumbrill,ddumbrill7s@acquirethisname.com,Male,250.123.151.27
1382,Xena,Putterill,xputterill7t@nba.com,Female,142.58.225.0
1383,Jeannine,Boldero,jboldero7u@hp.com,Genderqueer,49.55.200.122
1384,Rochell,Dossit,rdossit7v@last.fm,Bigender,247.12.199.82
1385,Lauren,Bayle,lbayle7w@ameblo.jp,Female,101.49.17.20
1386,Alane,Lampert,alampert7x@fema.gov,Female,62.44.149.85
1387,Gunar,Tiffany,gtiffany7y@jugem.jp,Male,150.98.229.190
1388,Blancha,Couper,bcouper7z@sogou.com,Female,217.161.178.136
1389,Cris,Sapey,csapey80@mayoclinic.com,Agender,197.235.239.17
1390,Xever,Chilvers,xchilvers81@moonfruit.com,Male,188.114.207.99
1391,Velma,Dougan,vdougan82@mozilla.com,Genderqueer,145.247.231.120
1392,Celina,Stranaghan,cstranaghan83@kickstarter.com,Female,185.120.25.162
1393,Anni,Vinick,avinick84@msu.edu,Female,160.163.185.196
1394,Carlo,Shapcott,cshapcott85@51.la,Male,231.116.171.246
1395,Pepe,Bartolomucci,pbartolomucci86@independent.co.uk,Male,233.114.18.46
1396,Shaylyn,Jarrel,sjarrel87@taobao.com,Female,34.170.136.207
1397,Angelica,Freak,afreak88@hud.gov,Female,103.48.247.11
1398,Netti,Anger,nanger89@washingtonpost.com,Polygender,77.169.184.60
1399,Saundra,Caneo,scaneo8a@abc.net.au,Male,163.254.199.167
1400,Vittorio,Dupre,vdupre8b@hubpages.com,Male,132.183.62.46
1401,Lemmy,Kilalea,lkilalea8c@reuters.com,Bigender,15.156.100.211
1402,Milt,Algie,malgie8d@cpanel.net,Male,97.14.90.200
1403,Ivy,Scarce,iscarce8e@booking.com,Female,62.139.97.64
1404,Yolane,Burston,yburston8f@sbwire.com,Female,74.104.109.245
1405,Jarret,Tapping,jtapping8g@goo.gl,Bigender,156.104.74.42
1406,Rockey,Demare,rdemare8h@accuweather.com,Male,141.193.109.72
1407,Conrade,Dufton,cdufton8i@cocolog-nifty.com,Male,197.125.252.242
1408,Onfre,Follit,ofollit8j@ezinearticles.com,Polygender,217.103.202.235
1409,Wright,McMylor,wmcmylor8k@cafepress.com,Male,251.69.172.152
1410,Floris,Pridmore,fpridmore8l@i2i.jp,Female,96.64.217.86
1411,Archy,Danby,adanby8m@booking.com,Male,217.159.73.156
1412,Cassius,Rawcliff,crawcliff8n@ftc.gov,Male,217.80.201.3
1413,Nilson,Blasing,nblasing8o@photobucket.com,Male,45.244.255.100
1414,Gui,Lethby,glethby8p@1und1.de,Female,71.14.1.146
1415,Loren,Kendell,lkendell8q@spotify.com,Non-binary,114.252.20.182
1416,Reed,Stoute,rstoute8r@tamu.edu,Male,70.86.73.184
1417,Woodrow,Everal,weveral8s@vinaora.com,Bigender,178.115.18.203
1418,Perry,Leverich,pleverich8t@mysql.com,Female,55.181.67.99
1419,Luca,McGlade,lmcglade8u@skype.com,Male,241.14.110.254
1420,Dianne,Ride,dride8v@ihg.com,Polygender,1.170.79.232
1421,Levi,Widdecombe,lwiddecombe8w@ca.gov,Male,60.136.166.155
1422,Simonette,MacAllan,smacallan8x@wired.com,Female,245.203.31.182
1423,Daveen,Klimkov,dklimkov8y@slashdot.org,Female,86.51.95.113
1424,Tybi,Normant,tnormant8z@nydailynews.com,Female,49.195.58.91
1425,Feodor,Ferrie,fferrie90@usa.gov,Male,192.144.196.29
1426,Elliot,Blackster,eblackster91@amazon.de,Male,166.254.52.148
1427,Emerson,Wimlet,ewimlet92@creativecommons.org,Male,217.81.100.160
1428,Clare,Blundel,cblundel93@com.com,Female,210.130.82.52
1429,Quinta,Cannop,qcannop94@liveinternet.ru,Genderfluid,137.151.121.250
1430,Lark,Treamayne,ltreamayne95@fc2.com,Female,7.236.39.248
1431,Roselle,Yeo,ryeo96@ucla.edu,Female,173.89.112.21
1432,Dallon,Maynell,dmaynell97@ibm.com,Male,89.143.184.204
1433,Lonnie,Quillinane,lquillinane98@exblog.jp,Male,247.17.44.113
1434,Loydie,Lardeur,llardeur99@nhs.uk,Male,161.203.51.144
1435,Peirce,Burdass,pburdass9a@dmoz.org,Male,229.158.199.179
1436,Lindsey,Falconbridge,lfalconbridge9b@google.nl,Male,108.175.94.253
1437,Mariel,Houdhury,mhoudhury9c@blogtalkradio.com,Female,30.75.239.31
1438,Gibby,Clacson,gclacson9d@sfgate.com,Male,59.250.57.197
1439,Berty,Shine,bshine9e@scientificamerican.com,Male,39.252.49.63
1440,Marybeth,Thorowgood,mthorowgood9f@csmonitor.com,Female,124.6.47.34
1441,Frances,Yandell,fyandell9g@arizona.edu,Female,37.192.127.152
1442,Elbert,Binner,ebinner9h@sun.com,Male,176.33.198.114
1443,Jaymie,Matlock,jmatlock9i@diigo.com,Male,187.66.53.192
1444,Allin,Alenin,aalenin9j@icio.us,Male,159.91.233.11
1445,Park,Dreus,pdreus9k@marriott.com,Male,133.164.255.107
1446,Star,Manis,smanis9l@delicious.com,Female,86.99.75.111
1447,Angelia,Screen,ascreen9m@github.com,Female,181.252.147.254
1448,Charlena,Boud,cboud9n@elpais.com,Female,111.38.54.192
1449,Kathrine,Rykert,krykert9o@dagondesign.com,Female,47.204.127.74
1450,Emmey,Anselm,eanselm9p@wired.com,Female,140.176.149.175
1451,Marga,Caffin,mcaffin9q@wufoo.com,Female,200.46.44.113
1452,Catherina,Alywen,calywen9r@diigo.com,Female,119.218.76.246
1453,Boone,Reddie,breddie9s@shareasale.com,Male,225.108.240.211
1454,Odo,Legerwood,olegerwood9t@twitter.com,Male,8.143.27.88
1455,Craggie,Cooch,ccooch9u@hud.gov,Male,11.9.242.99
1456,Libbie,Gask,lgask9v@w3.org,Female,227.7.32.41
1457,Leslie,Brundrett,lbrundrett9w@unicef.org,Female,210.131.69.56
1458,Ashlin,Le Moucheux,alemoucheux9x@psu.edu,Male,25.38.16.240
1459,Elena,Jenken,ejenken9y@wunderground.com,Female,151.54.92.26
1460,Garrik,Laity,glaity9z@privacy.gov.au,Male,89.18.124.43
1461,Dannie,Jirzik,djirzika0@eepurl.com,Female,19.241.107.121
1462,Malvin,Elgee,melgeea1@clickbank.net,Male,159.36.68.111
1463,Emilia,Purver,epurvera2@mashable.com,Female,172.20.53.247
1464,Justino,Stebles,jsteblesa3@thetimes.co.uk,Male,201.82.182.111
1465,Cornelle,Margach,cmargacha4@japanpost.jp,Female,93.168.2.95
1466,Eb,Ervin,eervina5@craigslist.org,Male,44.116.236.60
1467,Zared,Maillard,zmaillarda6@redcross.org,Male,154.111.43.109
1468,Celestina,Lingner,clingnera7@xing.com,Female,50.146.204.22
1469,Drusi,Kenrat,dkenrata8@cisco.com,Female,114.18.187.219
1470,Katrine,Manueli,kmanuelia9@theguardian.com,Female,197.72.138.59
1471,Alikee,Aleavy,aaleavyaa@tripadvisor.com,Female,14.47.229.239
1472,Emmott,Pankhurst.,epankhurstab@mayoclinic.com,Male,178.90.254.109
1473,Blakelee,Oulett,boulettac@behance.net,Bigender,62.92.183.200
1474,Saw,Wolters,swoltersad@yandex.ru,Male,17.124.57.201
1475,Joli,Hurring,jhurringae@go.com,Female,86.170.150.222
1476,Dory,Grangier,dgrangieraf@webeden.co.uk,Male,251.132.4.2
1477,Phil,Alvin,palvinag@surveymonkey.com,Female,229.20.196.103
1478,Geoffry,Bootland,gbootlandah@about.me,Male,42.163.101.87
1479,Bancroft,Girardi,bgirardiai@meetup.com,Male,43.119.191.226
1480,Torr,Johl,tjohlaj@wikimedia.org,Male,216.236.164.243
1481,Sascha,Ojeda,sojedaak@trellian.com,Polygender,186.57.244.167
1482,Cyndy,Erskin,cerskinal@admin.ch,Female,173.187.109.55
1483,Bennie,Stratford,bstratfordam@mysql.com,Female,208.52.234.255
1484,Pebrook,Atto,pattoan@ustream.tv,Genderfluid,64.179.187.192
1485,Mackenzie,Youtead,myouteadao@bandcamp.com,Male,73.235.236.103
1486,Kordula,Baggallay,kbaggallayap@geocities.com,Female,35.207.25.41
1487,Wade,Grinaugh,wgrinaughaq@chronoengine.com,Male,125.222.231.173
1488,Becka,Galbraeth,bgalbraethar@tamu.edu,Female,226.30.223.175
1489,Louise,Karsh,lkarshas@friendfeed.com,Female,140.126.67.253
1490,Moira,Curzon,mcurzonat@yellowpages.com,Female,7.38.199.189
1491,Ken,Fudge,kfudgeau@chron.com,Male,111.158.29.91
1492,Opal,Stove,ostoveav@princeton.edu,Female,39.167.98.141
1493,Tasia,Riste,tristeaw@walmart.com,Female,11.118.216.42
1494,Rhianna,Kinglesyd,rkinglesydax@live.com,Female,69.39.46.26
1495,Germain,Trynor,gtrynoray@1688.com,Female,149.31.165.84
1496,Lee,Henricsson,lhenricssonaz@so-net.ne.jp,Female,11.151.125.171
1497,Clemence,Fellis,cfellisb0@wired.com,Female,192.197.106.248
1498,Delmor,McNeilly,dmcneillyb1@pbs.org,Non-binary,190.235.100.68
1499,Zackariah,MacFadden,zmacfaddenb2@bandcamp.com,Male,94.144.33.86
1500,Valerye,Khristoforov,vkhristoforovb3@artisteer.com,Female,245.1.216.140
1501,Dene,Piburn,dpiburnb4@ucoz.com,Male,103.95.12.195
1502,Camille,Wathan,cwathanb5@nhs.uk,Female,214.17.183.160
1503,Batholomew,Deboick,bdeboickb6@answers.com,Male,162.232.71.174
1504,Othello,Drinkhall,odrinkhallb7@cargocollective.com,Male,244.121.36.241
1505,Moyna,Petrashkov,mpetrashkovb8@state.gov,Female,106.216.57.108
1506,Artemas,McWaters,amcwatersb9@google.cn,Male,27.51.124.93
1507,Glendon,Howell,ghowellba@thetimes.co.uk,Male,35.16.125.146
1508,Jo ann,Dinsell,jdinsellbb@t.co,Female,182.250.239.8
1509,Karilynn,McVee,kmcveebc@miibeian.gov.cn,Genderqueer,234.121.58.56
1510,Benedetto,Traice,btraicebd@reverbnation.com,Male,193.157.15.180
1511,Rozele,Pevsner,rpevsnerbe@so-net.ne.jp,Female,106.110.16.153
1512,Dyana,Bruno,dbrunobf@theglobeandmail.com,Genderfluid,139.198.61.232
1513,Kevan,Reignard,kreignardbg@scientificamerican.com,Male,199.194.180.21
1514,Bel,Vlasyev,bvlasyevbh@chronoengine.com,Female,55.235.11.176
1515,Beryl,Grassett,bgrassettbi@microsoft.com,Female,219.136.12.219
1516,Cord,Ebbers,cebbersbj@ameblo.jp,Male,156.63.92.69
1517,Emmett,Vant,evantbk@apache.org,Male,196.164.2.81
1518,Leicester,Simonassi,lsimonassibl@independent.co.uk,Male,69.53.155.40
1519,Jerrilyn,Tinwell,jtinwellbm@wufoo.com,Female,52.248.215.56
1520,Yalonda,Wilber,ywilberbn@google.co.jp,Female,155.246.144.193
1521,Kilian,Wyant,kwyantbo@indiegogo.com,Male,128.30.203.38
1522,Aldwin,Semple,asemplebp@nps.gov,Male,247.62.141.201
1523,Ingamar,Tuppeny,ituppenybq@un.org,Male,66.117.200.206
1524,Lorin,Hocking,lhockingbr@chicagotribune.com,Male,144.252.46.217
1525,Wade,McGarvie,wmcgarviebs@last.fm,Male,31.21.89.162
1526,Ellswerth,O'Loughnan,eoloughnanbt@intel.com,Male,54.102.211.4
1527,Andy,Ashborn,aashbornbu@ezinearticles.com,Male,251.44.148.254
1528,Lucky,Hadfield,lhadfieldbv@freewebs.com,Female,173.120.69.179
1529,Tamera,Waldock,twaldockbw@google.com,Female,19.150.167.213
1530,Bobinette,Grix,bgrixbx@bandcamp.com,Female,4.150.87.124
1531,Ursulina,Keightley,ukeightleyby@icio.us,Female,77.55.14.87
1532,Savina,Free,sfreebz@google.fr,Female,135.225.88.59
1533,Juliann,Kain,jkainc0@flavors.me,Female,22.39.249.22
1534,Kellie,Adolf,kadolfc1@springer.com,Female,189.228.10.164
1535,Sadye,Fitzroy,sfitzroyc2@msu.edu,Female,167.244.159.239
1536,Derrek,Pellingar,dpellingarc3@blogger.com,Male,72.203.36.35
1537,Leta,Varnham,lvarnhamc4@biblegateway.com,Female,28.195.209.216
1538,Ondrea,Applegate,oapplegatec5@nymag.com,Female,210.109.68.101
1539,Cleveland,Tooke,ctookec6@bigcartel.com,Male,217.47.78.140
1540,Tucker,McReidy,tmcreidyc7@indiatimes.com,Male,58.243.74.70
1541,Jeramey,Castiblanco,jcastiblancoc8@eventbrite.com,Male,252.161.88.248
1542,Chilton,Sworn,cswornc9@chicagotribune.com,Non-binary,115.208.222.52
1543,May,Marryatt,mmarryattca@dagondesign.com,Female,55.173.169.208
1544,Gennifer,Aronstein,garonsteincb@elegantthemes.com,Female,44.187.229.22
1545,Filbert,Hardey,fhardeycc@sitemeter.com,Male,31.167.89.166
1546,Corella,Gehrels,cgehrelscd@sogou.com,Female,63.101.169.145
1547,Jarid,Readshall,jreadshallce@google.com.hk,Male,123.233.83.176
1548,Kania,Wallett,kwallettcf@domainmarket.com,Female,13.197.202.25
1549,Lyda,Brea,lbreacg@usa.gov,Female,231.88.245.107
1550,Hermann,Lipgens,hlipgensch@stumbleupon.com,Male,54.108.59.159
1551,Rozelle,Schwanden,rschwandenci@w3.org,Female,184.45.121.39
1552,Kaitlynn,Hampstead,khampsteadcj@dell.com,Female,233.149.30.94
1553,Delila,Maffia,dmaffiack@sakura.ne.jp,Female,93.184.188.216
1554,Wesley,Ruecastle,wruecastlecl@networksolutions.com,Male,26.143.140.119
1555,Dorri,Congdon,dcongdoncm@earthlink.net,Polygender,56.174.189.162
1556,Clark,Durrant,cdurrantcn@creativecommons.org,Male,236.219.176.95
1557,Raleigh,Rate,rrateco@pbs.org,Bigender,78.203.96.245
1558,Bianka,Mont,bmontcp@blinklist.com,Female,8.93.86.208
1559,Merilyn,Elen,melencq@amazon.co.jp,Female,147.142.82.113
1560,Dore,Adran,dadrancr@jigsy.com,Female,136.200.132.182
1561,Bear,Redington,bredingtoncs@google.com.hk,Male,233.91.225.31
1562,Ertha,Bavister,ebavisterct@behance.net,Female,82.140.229.146
1563,Beverlee,Idney,bidneycu@nasa.gov,Female,52.123.228.51
1564,See,Chazier,schaziercv@harvard.edu,Male,174.176.183.153
1565,Rawley,Wattinham,rwattinhamcw@moonfruit.com,Male,155.49.14.158
1566,Flori,Bilsborrow,fbilsborrowcx@google.co.uk,Female,61.106.251.162
1567,Clay,Balk,cbalkcy@time.com,Male,103.178.39.193
1568,Celka,Cline,cclinecz@hc360.com,Female,211.254.154.243
1569,Jemmie,Wotton,jwottond0@go.com,Female,1.215.208.1
1570,Glen,Corrie,gcorried1@wikimedia.org,Male,237.231.17.162
1571,Leigh,Brewerton,lbrewertond2@reuters.com,Polygender,196.72.239.236
1572,Wesley,Holwell,wholwelld3@storify.com,Male,127.108.62.2
1573,Judye,Fletcher,jfletcherd4@jiathis.com,Female,185.236.21.232
1574,Myriam,Sprigging,mspriggingd5@google.com.au,Female,101.194.171.222
1575,Tod,Bayns,tbaynsd6@dailymotion.com,Male,128.226.37.191
1576,Corbett,Sellors,csellorsd7@blogspot.com,Male,19.97.7.10
1577,Enrichetta,Bear,ebeard8@ft.com,Polygender,153.243.148.106
1578,Ronna,Thurlbourne,rthurlbourned9@hubpages.com,Female,87.207.138.3
1579,Gerick,Arrowsmith,garrowsmithda@icio.us,Male,71.239.247.59
1580,Marti,Scole,mscoledb@go.com,Female,167.81.89.73
1581,Nichole,McGlone,nmcglonedc@china.com.cn,Male,165.6.243.210
1582,Selina,Revington,srevingtondd@infoseek.co.jp,Female,117.179.89.60
1583,Karleen,Muzzollo,kmuzzollode@alibaba.com,Female,87.173.151.178
1584,Mohandas,Celle,mcelledf@github.com,Male,83.120.123.82
1585,Gerhardine,Tisun,gtisundg@example.com,Female,155.65.96.147
1586,Philomena,Allardyce,pallardycedh@themeforest.net,Female,189.180.216.22
1587,Nikolaos,Stollenberg,nstollenbergdi@sciencedirect.com,Male,110.243.44.88
1588,Alfonso,Najera,anajeradj@geocities.com,Male,230.194.239.192
1589,Borden,Yaneev,byaneevdk@hao123.com,Male,12.138.142.113
1590,Niels,Suthren,nsuthrendl@msu.edu,Male,234.77.183.186
1591,Sallyanne,Morforth,smorforthdm@cbc.ca,Female,109.98.155.212
1592,Gerta,Dommett,gdommettdn@yellowpages.com,Female,90.69.145.219
1593,Allyn,Rapier,arapierdo@nhs.uk,Female,208.201.217.200
1594,Gav,Titmarsh,gtitmarshdp@usnews.com,Male,179.228.31.121
1595,Anatollo,Golde,agoldedq@washington.edu,Male,232.73.133.218
1596,Gonzales,Dever,gdeverdr@netscape.com,Male,96.108.183.50
1597,Mart,Blanchet,mblanchetds@elpais.com,Non-binary,102.20.53.21
1598,Brigid,Joslow,bjoslowdt@un.org,Female,207.119.200.170
1599,Nedda,Naismith,nnaismithdu@gravatar.com,Female,92.146.100.62
1600,Judi,Kermon,jkermondv@reference.com,Genderfluid,65.159.189.7
1601,Rorke,Endecott,rendecottdw@patch.com,Male,72.47.138.30
1602,Marjy,Siddens,msiddensdx@aboutads.info,Female,172.226.37.15
1603,Craggie,Angeli,cangelidy@java.com,Male,88.11.109.141
1604,Abagail,D'Ambrosio,adambrosiodz@yale.edu,Polygender,30.162.2.215
1605,Rickie,Bulgen,rbulgene0@tuttocitta.it,Male,205.182.199.165
1606,Jaquenette,Levitt,jlevitte1@army.mil,Female,152.105.249.205
1607,Kalina,Mandal,kmandale2@biblegateway.com,Female,31.57.195.131
1608,Rock,Aucock,raucocke3@networksolutions.com,Male,237.150.56.10
1609,Kit,Finlow,kfinlowe4@cloudflare.com,Male,92.72.85.54
1610,Baily,Spier,bspiere5@imgur.com,Male,196.99.103.245
1611,Warden,Abbado,wabbadoe6@washingtonpost.com,Male,13.89.139.163
1612,Beatrice,Allatt,ballatte7@abc.net.au,Female,92.250.222.202
1613,Maribel,Boog,mbooge8@cnn.com,Female,38.20.136.111
1614,Emmie,Zorener,ezorenere9@businesswire.com,Female,207.35.172.52
1615,Mame,Giraudo,mgiraudoea@jimdo.com,Female,243.40.153.99
1616,Thane,Craufurd,tcraufurdeb@ocn.ne.jp,Male,85.16.195.127
1617,Sylvan,Weetch,sweetchec@house.gov,Male,194.183.118.232
1618,Clyde,Pogosian,cpogosianed@goodreads.com,Male,251.126.47.196
1619,Shawna,Seale,ssealeee@clickbank.net,Female,210.14.52.57
1620,Mayne,Whereat,mwhereatef@microsoft.com,Male,97.86.184.105
1621,Mandie,Gadson,mgadsoneg@earthlink.net,Genderfluid,15.153.248.219
1622,Prescott,Orrocks,porrockseh@mail.ru,Male,80.201.242.226
1623,Daryn,Seton,dsetonei@hubpages.com,Female,251.158.144.198
1624,Virginia,Twiddy,vtwiddyej@photobucket.com,Bigender,77.12.30.222
1625,Fabe,Wayte,fwayteek@independent.co.uk,Male,206.35.126.53
1626,Ursa,Caesman,ucaesmanel@w3.org,Female,192.29.49.241
1627,Sidonia,Fellnee,sfellneeem@google.es,Female,122.114.235.190
1628,Phillip,Hembling,phemblingen@illinois.edu,Male,117.133.25.173
1629,Katalin,Biggins,kbigginseo@drupal.org,Female,35.223.162.60
1630,Eadie,Brunke,ebrunkeep@harvard.edu,Female,206.195.63.80
1631,Lilas,Cleveley,lcleveleyeq@eventbrite.com,Female,174.38.191.68
1632,Devlin,Gateley,dgateleyer@sun.com,Male,185.178.248.1
1633,Jaclyn,Tomaini,jtomainies@digg.com,Female,167.85.21.207
1634,Ezra,Shepeard,eshepeardet@nsw.gov.au,Male,4.196.204.248
1635,Tate,Ox,toxeu@symantec.com,Male,155.11.106.75
1636,Melva,Diprose,mdiproseev@weibo.com,Female,114.225.139.149
1637,Delcina,Copelli,dcopelliew@youtu.be,Female,6.63.104.133
1638,Ola,Bonnick,obonnickex@xing.com,Female,14.112.0.81
1639,Venita,Gaitone,vgaitoneey@dell.com,Female,112.116.63.176
1640,Gleda,Dulake,gdulakeez@jigsy.com,Female,5.241.28.106
1641,Demetra,Chason,dchasonf0@blog.com,Female,69.194.255.34
1642,Joel,Conor,jconorf1@webmd.com,Male,102.229.106.168
1643,Olivie,Morat,omoratf2@sourceforge.net,Female,67.17.69.159
1644,Karel,Oxtoby,koxtobyf3@storify.com,Male,234.87.142.140
1645,Nadine,Capewell,ncapewellf4@1und1.de,Agender,43.31.109.30
1646,Goldy,Dorber,gdorberf5@creativecommons.org,Female,127.138.180.223
1647,Lucio,Node,lnodef6@cam.ac.uk,Male,134.211.54.91
1648,Raviv,Buney,rbuneyf7@prnewswire.com,Male,2.71.211.128
1649,Pall,Vanstone,pvanstonef8@intel.com,Genderqueer,48.181.62.228
1650,Camila,Edlington,cedlingtonf9@4shared.com,Female,180.18.49.39
1651,Addy,Polk,apolkfa@dropbox.com,Male,55.164.136.46
1652,Kristina,Attrie,kattriefb@cnn.com,Female,63.148.189.125
1653,Rayshell,Straine,rstrainefc@springer.com,Female,88.10.72.73
1654,Elsey,Isakovic,eisakovicfd@example.com,Female,98.169.56.12
1655,Emelda,Kenrick,ekenrickfe@so-net.ne.jp,Female,183.103.246.175
1656,Darelle,Ellis,dellisff@feedburner.com,Female,55.143.182.115
1657,Basil,Dagon,bdagonfg@cdbaby.com,Male,73.14.0.36
1658,Marnie,Firks,mfirksfh@wix.com,Female,0.142.158.174
1659,Luise,Whight,lwhightfi@fastcompany.com,Female,127.53.180.196
1660,Fairlie,Rochewell,frochewellfj@live.com,Male,18.2.99.109
1661,Kearney,McCloud,kmccloudfk@merriam-webster.com,Male,66.170.170.161
1662,Vanni,Edmonstone,vedmonstonefl@goo.gl,Female,219.247.218.125
1663,Curtis,Boast,cboastfm@comcast.net,Male,124.117.135.31
1664,Mei,O'Glassane,moglassanefn@blog.com,Female,47.15.149.51
1665,Kerwinn,Le Moucheux,klemoucheuxfo@purevolume.com,Genderqueer,123.101.184.191
1666,Franni,Altham,falthamfp@prlog.org,Female,114.158.33.125
1667,Chere,King,ckingfq@shareasale.com,Female,238.148.41.25
1668,Sanson,Heckney,sheckneyfr@techcrunch.com,Male,239.240.138.230
1669,Patin,Klich,pklichfs@tinypic.com,Male,190.168.112.235
1670,Stillman,Winchurst,swinchurstft@boston.com,Male,9.225.138.7
1671,Margalo,Kingcott,mkingcottfu@arstechnica.com,Genderqueer,20.34.127.240
1672,Elna,Paoletti,epaolettifv@altervista.org,Female,42.68.27.171
1673,Kacey,Napolitano,knapolitanofw@tinyurl.com,Female,216.22.41.125
1674,Harli,Donnan,hdonnanfx@ucoz.ru,Female,13.83.103.100
1675,Wendall,Chalke,wchalkefy@examiner.com,Male,233.9.135.50
1676,Kev,Elsie,kelsiefz@icq.com,Male,129.216.30.111
1677,Easter,Lampbrecht,elampbrechtg0@shop-pro.jp,Female,179.66.156.108
1678,Pia,Gerrets,pgerretsg1@cargocollective.com,Female,121.75.157.184
1679,Cordie,Sharrier,csharrierg2@youtube.com,Genderqueer,142.55.247.134
1680,Ira,Trundler,itrundlerg3@foxnews.com,Male,90.33.136.39
1681,Lauritz,Springle,lspringleg4@newyorker.com,Polygender,182.198.225.59
1682,Ludovico,Tetsall,ltetsallg5@un.org,Male,144.204.117.137
1683,Rochester,Penketh,rpenkethg6@nps.gov,Male,4.227.96.12
1684,Shirline,Fishbie,sfishbieg7@myspace.com,Agender,191.208.45.90
1685,Ardelia,Joreau,ajoreaug8@diigo.com,Female,77.149.102.158
1686,Dunc,MacConnel,dmacconnelg9@t.co,Male,170.165.230.131
1687,Web,Rodge,wrodgega@symantec.com,Male,130.203.117.80
1688,Zebulen,Maffi,zmaffigb@wikimedia.org,Genderqueer,104.134.161.8
1689,Tyler,Stillmann,tstillmanngc@surveymonkey.com,Male,156.154.195.90
1690,Francklin,Andresen,fandresengd@columbia.edu,Male,146.153.102.121
1691,Dodi,Guerrin,dguerringe@netlog.com,Female,213.228.228.94
1692,Jacenta,Dobbins,jdobbinsgf@utexas.edu,Female,59.40.213.150
1693,Merl,Janczyk,mjanczykgg@theatlantic.com,Female,247.118.45.109
1694,Timmy,Crebo,tcrebogh@de.vu,Female,253.114.122.36
1695,Sandro,Mapp,smappgi@baidu.com,Male,234.130.129.199
1696,Farris,Fearnside,ffearnsidegj@howstuffworks.com,Male,31.225.247.251
1697,Tadd,O'Bradain,tobradaingk@imdb.com,Male,247.139.65.102
1698,Maxine,Sherrott,msherrottgl@instagram.com,Female,29.9.149.129
1699,Lauraine,McQuarter,lmcquartergm@un.org,Female,21.31.176.229
1700,Hermy,O'Shiels,hoshielsgn@nps.gov,Male,172.16.41.179
1701,Sela,Bartosiak,sbartosiakgo@cisco.com,Female,57.206.99.122
1702,Bjorn,Adelberg,badelberggp@canalblog.com,Male,205.47.85.39
1703,Rockwell,Suerz,rsuerzgq@mapquest.com,Male,242.191.238.152
1704,Ulises,Kohrt,ukohrtgr@fotki.com,Polygender,146.30.195.11
1705,Anson,Elintune,aelintunegs@nih.gov,Male,228.197.192.145
1706,Dru,Andrez,dandrezgt@hibu.com,Female,162.190.25.100
1707,Erskine,Veness,evenessgu@merriam-webster.com,Male,159.162.140.1
1708,Phip,Whithalgh,pwhithalghgv@amazonaws.com,Agender,168.97.116.78
1709,Jenica,Coaten,jcoatengw@tinyurl.com,Female,10.146.158.104
1710,Cameron,Routh,crouthgx@yolasite.com,Male,16.252.139.98
1711,Jesse,Insley,jinsleygy@europa.eu,Male,224.63.58.60
1712,Nettie,Goldes,ngoldesgz@twitpic.com,Female,45.71.127.148
1713,Gifford,de Glanville,gdeglanvilleh0@icq.com,Male,223.123.60.211
1714,Hebert,Daal,hdaalh1@harvard.edu,Male,170.228.195.168
1715,Sianna,Revan,srevanh2@unesco.org,Female,100.18.222.46
1716,Farra,Tesseyman,ftesseymanh3@accuweather.com,Female,142.138.254.224
1717,Kaiser,Morrell,kmorrellh4@moonfruit.com,Male,41.253.133.21
1718,Bertie,Bassett,bbassetth5@ocn.ne.jp,Male,139.13.180.81
1719,Sybilla,Temple,stempleh6@canalblog.com,Agender,235.240.161.11
1720,Valli,Sobczak,vsobczakh7@opera.com,Genderqueer,36.207.50.29
1721,Katharina,Tolland,ktollandh8@gov.uk,Polygender,84.172.137.11
1722,Lindsy,Julyan,ljulyanh9@cpanel.net,Female,28.79.232.109
1723,Goldarina,Jordi,gjordiha@biblegateway.com,Female,125.147.160.10
1724,Kippar,Lindstrom,klindstromhb@sourceforge.net,Male,153.166.10.13
1725,Jeannette,Summerside,jsummersidehc@businessinsider.com,Female,253.204.208.227
1726,Mufi,Pervew,mpervewhd@rambler.ru,Female,180.170.134.196
1727,Trey,Kingscott,tkingscotthe@businessinsider.com,Male,106.89.120.106
1728,Elbert,Barlie,ebarliehf@theglobeandmail.com,Male,234.210.45.27
1729,Yevette,Jarrette,yjarrettehg@wsj.com,Female,95.243.143.229
1730,Sigvard,Freckleton,sfreckletonhh@vkontakte.ru,Male,130.122.94.16
1731,Russ,Atyeo,ratyeohi@multiply.com,Male,158.135.253.52
1732,Gwendolyn,Iczokvitz,giczokvitzhj@mail.ru,Female,19.226.252.232
1733,Meggi,Robilliard,mrobilliardhk@blogtalkradio.com,Female,38.21.66.93
1734,Dela,Twydell,dtwydellhl@loc.gov,Genderqueer,213.201.44.216
1735,Hazlett,Keasey,hkeaseyhm@psu.edu,Male,213.225.161.92
1736,Perla,MacLeese,pmacleesehn@histats.com,Female,252.132.98.49
1737,Caresa,Cluse,ccluseho@quantcast.com,Female,75.142.123.51
1738,Dione,Harsant,dharsanthp@tuttocitta.it,Female,189.240.116.27
1739,Roxanna,Seydlitz,rseydlitzhq@dot.gov,Female,37.116.76.156
1740,Erasmus,Dovidaitis,edovidaitishr@e-recht24.de,Genderqueer,242.166.225.116
1741,Alasteir,Pasque,apasquehs@squidoo.com,Male,57.55.39.230
1742,Eb,Albone,ealboneht@alexa.com,Polygender,171.137.140.17
1743,Karlis,Dumblton,kdumbltonhu@twitpic.com,Male,109.165.69.134
1744,Darrelle,Purse,dpursehv@seattletimes.com,Female,84.181.159.183
1745,Elinore,Spondley,espondleyhw@hp.com,Female,142.75.210.65
1746,Myrle,Grote,mgrotehx@shutterfly.com,Female,255.233.186.75
1747,Brand,Cathery,bcatheryhy@craigslist.org,Male,154.81.190.36
1748,Vera,Hanscome,vhanscomehz@theatlantic.com,Female,241.184.236.80
1749,Arlana,Theodoris,atheodorisi0@amazonaws.com,Female,101.193.110.115
1750,Randa,Blazevic,rblazevici1@stumbleupon.com,Female,80.53.166.183
1751,Maxy,Macia,mmaciai2@tiny.cc,Female,61.130.40.242
1752,Lyndell,Berzons,lberzonsi3@admin.ch,Female,154.216.170.29
1753,Idell,Szabo,iszaboi4@wordpress.org,Female,161.251.63.157
1754,Hyacinthe,Scambler,hscambleri5@newyorker.com,Female,234.150.208.166
1755,Melodie,Beaglehole,mbeagleholei6@washingtonpost.com,Female,24.9.95.64
1756,Georgianna,Kaesmakers,gkaesmakersi7@whitehouse.gov,Female,1.34.249.4
1757,Kessia,Seaborne,kseabornei8@mail.ru,Female,26.163.102.15
1758,Nathanil,Powney,npowneyi9@digg.com,Male,23.93.46.108
1759,Claudette,Sancraft,csancraftia@hexun.com,Female,199.151.214.111
1760,Sheelah,Simoneton,ssimonetonib@cbslocal.com,Female,147.237.247.149
1761,Alvan,Micco,amiccoic@mac.com,Male,58.108.109.43
1762,Otto,Demangel,odemangelid@edublogs.org,Polygender,100.40.23.242
1763,Stefano,Traise,straiseie@tumblr.com,Male,152.116.192.178
1764,Peta,Casassa,pcasassaif@yahoo.co.jp,Female,241.239.53.145
1765,Gabriel,Killingsworth,gkillingsworthig@umn.edu,Male,230.74.210.39
1766,Alena,Nealy,anealyih@com.com,Female,43.155.177.249
1767,Ivonne,MacNeil,imacneilii@mail.ru,Female,99.121.118.81
1768,Sarina,Purselow,spurselowij@webs.com,Female,33.71.43.29
1769,Ryley,Bloor,rbloorik@fc2.com,Male,172.249.89.69
1770,Courtenay,Bengle,cbengleil@reddit.com,Female,225.97.75.232
1771,Vladimir,Tzuker,vtzukerim@tripod.com,Male,254.16.218.238
1772,Raddy,Barkes,rbarkesin@shareasale.com,Genderqueer,127.131.142.12
1773,Grantley,Luetkemeyers,gluetkemeyersio@arstechnica.com,Male,210.121.209.148
1774,Cacilie,Littlechild,clittlechildip@cnet.com,Female,135.84.4.75
1775,Dieter,Fazan,dfazaniq@ca.gov,Male,98.255.38.92
1776,Frederich,Menchenton,fmenchentonir@yahoo.com,Male,181.242.248.104
1777,Osborne,MacCleod,omaccleodis@miibeian.gov.cn,Male,22.46.237.177
1778,Joell,Secombe,jsecombeit@npr.org,Female,223.111.196.91
1779,Ines,Mathely,imathelyiu@apache.org,Female,35.218.108.147
1780,Bridgette,Nyssens,bnyssensiv@sourceforge.net,Agender,44.125.151.168
1781,Pip,Aldgate,paldgateiw@so-net.ne.jp,Agender,173.56.40.175
1782,Collen,Mitchely,cmitchelyix@tumblr.com,Female,27.72.82.184
1783,Olvan,Shilleto,oshilletoiy@merriam-webster.com,Agender,42.218.53.250
1784,Alexandro,Dyter,adyteriz@so-net.ne.jp,Male,119.245.33.134
1785,Darcee,Batcheldor,dbatcheldorj0@live.com,Female,124.60.88.23
1786,Gilemette,Draycott,gdraycottj1@exblog.jp,Female,32.197.141.208
1787,Wake,Schrinel,wschrinelj2@pen.io,Male,144.19.48.94
1788,Muire,Keerl,mkeerlj3@mashable.com,Female,113.145.81.216
1789,Hanna,Barratt,hbarrattj4@slashdot.org,Female,64.27.192.111
1790,Harwilll,Dumsday,hdumsdayj5@japanpost.jp,Non-binary,247.226.232.82
1791,Nanete,Tapply,ntapplyj6@istockphoto.com,Female,202.89.102.87
1792,Prudi,Aimer,paimerj7@gnu.org,Female,180.39.8.153
1793,Bron,Lepard,blepardj8@dell.com,Male,28.169.44.227
1794,Lem,Tivers,ltiversj9@dedecms.com,Male,38.79.71.30
1795,Shay,Bowles,sbowlesja@blinklist.com,Male,86.128.157.77
1796,Vick,Pohl,vpohljb@nymag.com,Male,45.63.97.248
1797,Traci,Bautiste,tbautistejc@pbs.org,Female,251.132.221.221
1798,Thalia,Pell,tpelljd@nifty.com,Female,106.134.19.69
1799,Jephthah,Ensten,jenstenje@hatena.ne.jp,Male,239.237.184.160
1800,Ransom,Krimmer,rkrimmerjf@ucla.edu,Male,110.0.136.48
1801,Eduard,Lebreton,elebretonjg@cdc.gov,Male,51.203.190.236
1802,Parry,Perillo,pperillojh@ucoz.ru,Agender,124.89.249.211
1803,Carola,Adamek,cadamekji@netscape.com,Female,254.165.6.149
1804,Ringo,Danbury,rdanburyjj@sun.com,Male,131.89.14.43
1805,Cyndi,Gullane,cgullanejk@skyrock.com,Female,111.27.174.245
1806,Shep,Mannion,smannionjl@mac.com,Male,64.169.99.253
1807,Llewellyn,Mease,lmeasejm@purevolume.com,Male,67.10.204.50
1808,Mariele,Halley,mhalleyjn@merriam-webster.com,Female,211.189.39.72
1809,Brent,Dalgarnowch,bdalgarnowchjo@gmpg.org,Male,173.192.74.148
1810,Giulia,Heading,gheadingjp@nymag.com,Female,68.97.93.251
1811,Gerri,Greguol,ggreguoljq@princeton.edu,Female,139.46.184.90
1812,Fons,Thurlbourne,fthurlbournejr@fc2.com,Male,120.134.250.21
1813,Gilberto,Darrow,gdarrowjs@census.gov,Male,132.104.51.3
1814,Ringo,Camolli,rcamollijt@auda.org.au,Male,191.125.175.31
1815,Thom,Sterling,tsterlingju@techcrunch.com,Male,181.117.89.214
1816,Orland,Fanthome,ofanthomejv@dedecms.com,Male,134.105.165.110
1817,Ketty,Rissen,krissenjw@deliciousdays.com,Female,8.47.227.0
1818,Magdalene,Gates,mgatesjx@a8.net,Female,156.179.113.76
1819,Marlyn,Fairtlough,mfairtloughjy@diigo.com,Female,77.163.158.245
1820,Jase,Calvert,jcalvertjz@dion.ne.jp,Male,51.81.53.110
1821,Waite,Wooffinden,wwooffindenk0@hao123.com,Male,10.36.149.32
1822,Collete,Vockins,cvockinsk1@diigo.com,Female,205.177.29.141
1823,Leoine,Wogan,lwogank2@cafepress.com,Female,38.13.105.238
1824,Anetta,Bernadzki,abernadzkik3@dedecms.com,Female,51.61.90.76
1825,Armin,Croizier,acroizierk4@elpais.com,Male,86.56.252.213
1826,Ingeberg,Spat,ispatk5@bbc.co.uk,Female,84.222.3.163
1827,Allistir,Tummond,atummondk6@about.me,Genderqueer,155.80.217.59
1828,Sig,Partington,spartingtonk7@4shared.com,Male,7.132.113.64
1829,Erwin,Gherardelli,egherardellik8@shutterfly.com,Male,165.25.87.140
1830,Arlene,MacDowall,amacdowallk9@pbs.org,Bigender,171.170.130.0
1831,Mac,Turbern,mturbernka@gmpg.org,Male,158.255.84.2
1832,Rois,Talkington,rtalkingtonkb@shop-pro.jp,Female,32.99.129.10
1833,Ramona,Ettles,rettleskc@ucla.edu,Female,253.165.210.115
1834,Alfonse,Vagges,avaggeskd@quantcast.com,Male,54.233.203.42
1835,Mychal,Cluelow,mcluelowke@networkadvertising.org,Male,86.66.22.96
1836,Inger,Alcott,ialcottkf@senate.gov,Female,158.48.212.178
1837,Jany,Glozman,jglozmankg@kickstarter.com,Female,150.145.72.11
1838,Randene,Wellman,rwellmankh@about.com,Female,40.59.215.45
1839,Duky,Davidovich,ddavidovichki@microsoft.com,Male,140.124.155.202
1840,Olenolin,Inch,oinchkj@usatoday.com,Non-binary,247.46.147.125
1841,Jarad,Giveen,jgiveenkk@canalblog.com,Male,139.51.135.165
1842,Shelba,Brittan,sbrittankl@dailymail.co.uk,Genderqueer,149.85.207.214
1843,Aldwin,Mingay,amingaykm@behance.net,Male,232.186.173.35
1844,Lilyan,Eisikowitch,leisikowitchkn@bbb.org,Female,178.92.226.105
1845,Myrtle,McCarroll,mmccarrollko@liveinternet.ru,Female,216.124.153.236
1846,Freida,Grimme,fgrimmekp@angelfire.com,Female,191.125.184.12
1847,Katrinka,Wheway,kwhewaykq@icio.us,Female,229.88.202.24
1848,Olin,Jelkes,ojelkeskr@nationalgeographic.com,Male,202.107.187.254
1849,April,Solomon,asolomonks@tripadvisor.com,Female,138.255.47.78
1850,Aeriell,Saiz,asaizkt@cnn.com,Female,187.111.169.134
1851,Jecho,Ouver,jouverku@boston.com,Male,254.211.167.115
1852,Maurice,Coverly,mcoverlykv@list-manage.com,Male,33.65.44.85
1853,Onofredo,Matterson,omattersonkw@1688.com,Male,122.56.240.212
1854,Sloane,Blazdell,sblazdellkx@chronoengine.com,Male,32.201.116.248
1855,Jory,Caudray,jcaudrayky@typepad.com,Male,110.100.37.253
1856,Al,Trunkfield,atrunkfieldkz@seattletimes.com,Male,48.143.123.40
1857,Dix,Gookey,dgookeyl0@mysql.com,Female,250.223.15.228
1858,Sal,Loins,sloinsl1@about.me,Male,248.119.43.223
1859,Hebert,Kaman,hkamanl2@ow.ly,Male,142.172.14.160
1860,Alene,Skelhorn,askelhornl3@abc.net.au,Polygender,70.174.114.220
1861,Ashely,Toquet,atoquetl4@sun.com,Female,131.211.164.191
1862,Dunc,Detheridge,ddetheridgel5@mayoclinic.com,Male,51.40.18.57
1863,Cobb,Abbotts,cabbottsl6@sun.com,Male,100.19.245.150
1864,Cullan,Basham,cbashaml7@csmonitor.com,Male,75.139.158.199
1865,Kitti,Mourant,kmourantl8@xrea.com,Female,14.194.195.45
1866,Lyndsie,Pettus,lpettusl9@mit.edu,Female,148.63.172.254
1867,Der,Truran,dtruranla@miibeian.gov.cn,Male,233.98.132.121
1868,Lyon,Dunsire,ldunsirelb@nasa.gov,Polygender,18.77.99.115
1869,Syd,Cockings,scockingslc@bbb.org,Male,112.97.251.159
1870,Alaine,Marchello,amarchellold@deliciousdays.com,Agender,161.169.180.99
1871,Adrian,Ondricek,aondricekle@paypal.com,Male,122.90.18.197
1872,Towney,Coldman,tcoldmanlf@cnbc.com,Male,69.181.30.230
1873,Rakel,Liggens,rliggenslg@ustream.tv,Female,170.191.107.140
1874,Pearla,Conws,pconwslh@nih.gov,Female,28.126.90.24
1875,Antonie,Camell,acamellli@tripadvisor.com,Female,141.67.18.42
1876,Ginelle,Rottery,grotterylj@ifeng.com,Female,207.89.247.184
1877,Tris,Pearl,tpearllk@smh.com.au,Male,100.89.18.216
1878,Hymie,Sliman,hslimanll@squidoo.com,Male,210.130.86.224
1879,Grant,Bernardin,gbernardinlm@list-manage.com,Male,118.41.30.217
1880,Wade,Iannello,wiannelloln@qq.com,Male,72.176.142.24
1881,Teressa,Faithfull,tfaithfulllo@feedburner.com,Female,178.42.0.228
1882,Elga,Wickstead,ewicksteadlp@constantcontact.com,Female,229.124.191.16
1883,Joya,Benian,jbenianlq@123-reg.co.uk,Agender,202.187.133.3
1884,Dicky,Leving,dlevinglr@vistaprint.com,Polygender,58.224.56.23
1885,Iseabal,Shortt,ishorttls@taobao.com,Female,129.2.21.5
1886,Tedd,Eustis,teustislt@cyberchimps.com,Male,55.247.217.237
1887,Filide,Partrick,fpartricklu@netlog.com,Female,22.107.103.46
1888,Briant,Ozanne,bozannelv@elpais.com,Male,14.251.7.28
1889,Paquito,Ramet,prametlw@yelp.com,Male,46.186.149.167
1890,Gavin,Raper,graperlx@simplemachines.org,Male,87.144.77.6
1891,Pru,Wilkie,pwilkiely@apple.com,Female,121.19.251.166
1892,Rosamund,Cuerda,rcuerdalz@xinhuanet.com,Female,138.177.170.81
1893,Alexander,Burroughes,aburroughesm0@soundcloud.com,Male,53.245.129.188
1894,Marleen,Oloshkin,moloshkinm1@google.ru,Female,77.2.233.197
1895,Mateo,Chessman,mchessmanm2@issuu.com,Male,67.64.178.224
1896,Effie,Attwoul,eattwoulm3@intel.com,Female,58.80.242.36
1897,Aldis,Popplewell,apopplewellm4@domainmarket.com,Male,117.125.135.251
1898,Jenifer,Grishechkin,jgrishechkinm5@webeden.co.uk,Female,236.185.93.114
1899,Ced,O'Shiel,coshielm6@about.me,Male,9.192.55.59
1900,Priscella,Guillart,pguillartm7@wikimedia.org,Female,112.219.27.249
1901,Kelly,Swinney,kswinneym8@utexas.edu,Male,131.128.28.179
1902,Mandel,Le Pruvost,mlepruvostm9@wiley.com,Male,237.161.146.43
1903,Rivkah,Salaman,rsalamanma@google.com.hk,Female,224.27.199.4
1904,Edith,Brach,ebrachmb@seesaa.net,Polygender,135.116.86.236
1905,Bernardina,Rhodes,brhodesmc@marriott.com,Female,225.47.116.143
1906,Halette,Cawthra,hcawthramd@over-blog.com,Female,220.54.143.162
1907,Puff,Pellant,ppellantme@squarespace.com,Male,111.228.198.150
1908,Kristos,Franklyn,kfranklynmf@europa.eu,Genderfluid,222.248.3.171
1909,Chad,Summerscales,csummerscalesmg@so-net.ne.jp,Female,211.97.216.96
1910,Morgen,Waith,mwaithmh@xrea.com,Female,135.135.47.90
1911,Joelle,Kelshaw,jkelshawmi@furl.net,Female,190.116.94.188
1912,Broderick,Sallter,bsalltermj@creativecommons.org,Male,162.218.133.159
1913,Fanchette,Folger,ffolgermk@amazon.com,Non-binary,62.91.127.42
1914,Stevana,Jeannequin,sjeannequinml@princeton.edu,Polygender,32.184.37.66
1915,Ariadne,Offener,aoffenermm@arstechnica.com,Female,131.86.96.252
1916,Sheelagh,Dytham,sdythammn@nhs.uk,Female,148.236.127.83
1917,Rahel,Grishinov,rgrishinovmo@xrea.com,Female,24.39.155.130
1918,Ali,Challener,achallenermp@google.pl,Male,195.65.91.181
1919,Welbie,Rimour,wrimourmq@cbsnews.com,Male,250.73.111.251
1920,Boyce,Nelane,bnelanemr@mashable.com,Male,224.206.98.19
1921,Starlin,Eslemont,seslemontms@goodreads.com,Female,224.86.227.220
1922,Ricca,Maypowder,rmaypowdermt@seesaa.net,Genderfluid,31.183.4.25
1923,Faber,Togwell,ftogwellmu@google.es,Male,90.115.253.234
1924,Kean,Hugonet,khugonetmv@ehow.com,Male,140.11.121.109
1925,Mara,Mears,mmearsmw@youtube.com,Female,26.79.203.221
1926,Vanda,Dudman,vdudmanmx@so-net.ne.jp,Female,178.41.202.137
1927,Wendall,Flannery,wflannerymy@chronoengine.com,Male,37.109.20.123
1928,Natalina,Eustanch,neustanchmz@tripadvisor.com,Female,239.236.115.205
1929,Caril,Taylerson,ctaylersonn0@accuweather.com,Female,145.15.7.21
1930,Mariam,Borer,mborern1@friendfeed.com,Female,61.47.190.180
1931,Maxwell,Teasdale,mteasdalen2@chronoengine.com,Male,138.221.223.173
1932,Sabrina,Kimm,skimmn3@guardian.co.uk,Female,225.152.68.196
1933,Whitby,Glenny,wglennyn4@shareasale.com,Male,180.158.116.147
1934,Bertram,Carruth,bcarruthn5@xing.com,Male,135.40.178.172
1935,Judye,Arnason,jarnasonn6@cdc.gov,Female,137.136.223.180
1936,Maggee,Matisoff,mmatisoffn7@nyu.edu,Female,51.132.88.13
1937,Mia,Simmens,msimmensn8@google.com.br,Female,129.244.202.238
1938,Hugibert,O'Mullaney,homullaneyn9@delicious.com,Male,56.91.135.245
1939,Rozina,Myles,rmylesna@reverbnation.com,Female,51.156.71.151
1940,Hamilton,Blackaby,hblackabynb@etsy.com,Male,70.148.227.88
1941,Marietta,Demer,mdemernc@g.co,Male,45.215.6.92
1942,Bail,Finders,bfindersnd@amazon.com,Male,123.41.157.255
1943,Farris,Senogles,fsenoglesne@fotki.com,Male,71.91.219.110
1944,Gerome,Speakman,gspeakmannf@wired.com,Male,36.129.35.112
1945,Georas,Klemenz,gklemenzng@cam.ac.uk,Male,69.150.246.202
1946,Tybie,Oulett,toulettnh@marketwatch.com,Female,217.115.199.190
1947,Jilli,Kilmurray,jkilmurrayni@spotify.com,Female,194.241.2.243
1948,Laural,Sheber,lshebernj@t-online.de,Female,150.122.182.159
1949,Melvin,O'Boyle,moboylenk@nsw.gov.au,Male,200.240.40.221
1950,Ddene,Waymont,dwaymontnl@springer.com,Female,97.198.8.106
1951,Lani,Deares,ldearesnm@cisco.com,Female,76.236.170.21
1952,Mable,Hek,mheknn@census.gov,Female,34.83.144.50
1953,Orton,Cronchey,ocroncheyno@facebook.com,Male,66.245.106.17
1954,Claire,Ladloe,cladloenp@wikispaces.com,Female,214.252.116.94
1955,Cullin,Lurner,clurnernq@github.io,Male,21.135.99.168
1956,Atlanta,Penrith,apenrithnr@webs.com,Female,253.176.120.234
1957,Skippy,Guyton,sguytonns@github.io,Male,168.138.33.205
1958,Becka,Claesens,bclaesensnt@ox.ac.uk,Female,185.114.184.163
1959,Dorey,Cullabine,dcullabinenu@dagondesign.com,Male,79.27.169.31
1960,Aubrette,Jurasek,ajuraseknv@infoseek.co.jp,Non-binary,152.173.255.87
1961,Fleming,Davidwitz,fdavidwitznw@weather.com,Male,232.69.141.66
1962,Olva,Bilston,obilstonnx@illinois.edu,Female,233.220.18.202
1963,Pollyanna,Nolte,pnolteny@miibeian.gov.cn,Female,56.80.10.253
1964,Michelina,Tessyman,mtessymannz@wordpress.org,Female,172.82.100.40
1965,Raoul,Olohan,rolohano0@multiply.com,Bigender,21.84.12.157
1966,Broddie,Reye,breyeo1@hhs.gov,Male,181.68.243.148
1967,Laurena,Coope,lcoopeo2@biblegateway.com,Female,182.135.209.234
1968,Cale,Stapele,cstapeleo3@soundcloud.com,Male,102.93.98.67
1969,Everett,Rudsdale,erudsdaleo4@usnews.com,Male,194.132.214.7
1970,Anstice,Elcocks,aelcockso5@cbslocal.com,Female,66.7.77.238
1971,Mil,Trollope,mtrollopeo6@dell.com,Non-binary,212.163.39.210
1972,Quincey,Belchambers,qbelchamberso7@aboutads.info,Male,23.109.135.96
1973,Beverly,Quipp,bquippo8@vk.com,Female,57.223.95.251
1974,Clair,Simecek,csimeceko9@reverbnation.com,Male,192.222.80.94
1975,Roma,Siemons,rsiemonsoa@state.tx.us,Male,84.12.122.78
1976,Delmar,Scotter,dscotterob@pcworld.com,Male,5.115.22.85
1977,Keelby,Cudd,kcuddoc@live.com,Male,26.82.229.209
1978,Claudetta,Barlass,cbarlassod@ft.com,Female,118.26.247.234
1979,Isaiah,Scarce,iscarceoe@un.org,Male,173.116.62.191
1980,Donavon,Paddemore,dpaddemoreof@youtube.com,Male,0.132.37.29
1981,Fowler,Quince,fquinceog@technorati.com,Male,51.71.37.243
1982,Lacy,Minty,lmintyoh@blinklist.com,Female,31.120.130.188
1983,Row,Wadeson,rwadesonoi@t.co,Female,35.142.251.65
1984,Devin,Piele,dpieleoj@dagondesign.com,Female,137.33.87.214
1985,Shelagh,Jedrzejewski,sjedrzejewskiok@slideshare.net,Female,47.213.22.229
1986,Allene,Maginot,amaginotol@example.com,Female,114.198.220.86
1987,Si,Siman,ssimanom@sfgate.com,Male,80.218.65.220
1988,Dewitt,Keats,dkeatson@edublogs.org,Male,31.225.21.131
1989,Sig,Fandrey,sfandreyoo@latimes.com,Male,252.36.201.134
1990,Micky,Rawlins,mrawlinsop@stanford.edu,Female,54.110.197.211
1991,Sterling,Tearney,stearneyoq@japanpost.jp,Male,207.88.16.1
1992,Jeri,MacKeogh,jmackeoghor@wordpress.org,Female,112.18.2.25
1993,Brianna,Spridgeon,bspridgeonos@fema.gov,Female,204.218.172.40
1994,Merell,Gurton,mgurtonot@jimdo.com,Male,220.65.78.93
1995,Graehme,Kemell,gkemellou@biblegateway.com,Male,219.14.72.178
1996,Bianka,Sandeman,bsandemanov@soup.io,Female,128.45.34.147
1997,Hugo,Moresby,hmoresbyow@newsvine.com,Male,119.85.2.72
1998,Cristen,Shepland,csheplandox@purevolume.com,Female,97.133.210.31
1999,Darsie,Ganders,dgandersoy@soup.io,Female,221.246.183.108
2000,Ragnar,Ganders,rgandersoz@discovery.com,Agender,34.24.62.170
2001,Kaspar,Bessant,kbessantp0@homestead.com,Male,144.82.120.133
2002,Grant,Forty,gfortyp1@umn.edu,Male,51.176.93.142
2003,Tiphanie,Flemyng,tflemyngp2@cnn.com,Female,134.179.45.152
2004,Tamarah,Kibby,tkibbyp3@hao123.com,Female,50.106.186.44
2005,Waly,Cozins,wcozinsp4@nifty.com,Female,98.197.193.141
2006,Korrie,Jewitt,kjewittp5@umich.edu,Female,126.194.2.30
2007,Britni,Awde,bawdep6@cnn.com,Female,64.178.186.223
2008,Ethel,Semiraz,esemirazp7@apple.com,Polygender,199.138.134.158
2009,Margie,Langeren,mlangerenp8@sciencedirect.com,Female,1.87.237.141
2010,Obie,Robak,orobakp9@netlog.com,Genderfluid,98.45.92.252
2011,Gui,Pafford,gpaffordpa@sakura.ne.jp,Female,87.11.73.191
2012,Margery,Templeton,mtempletonpb@sfgate.com,Female,81.171.86.42
2013,Thelma,Cornner,tcornnerpc@youku.com,Polygender,48.38.75.173
2014,Karim,Roux,krouxpd@livejournal.com,Male,11.29.232.17
2015,Lura,Stanes,lstanespe@cmu.edu,Female,49.160.125.27
2016,Chrissie,Horrigan,chorriganpf@disqus.com,Female,0.122.147.188
2017,Aland,Lowndes,alowndespg@youku.com,Male,129.69.80.219
2018,Evaleen,Mannagh,emannaghph@merriam-webster.com,Female,54.126.145.132
2019,Nalani,Capnerhurst,ncapnerhurstpi@blinklist.com,Female,166.11.146.209
2020,Kelsi,Drinnan,kdrinnanpj@photobucket.com,Female,204.65.158.109
2021,Arleen,Durker,adurkerpk@ucsd.edu,Female,221.19.190.119
2022,Ephrayim,Gerraty,egerratypl@clickbank.net,Male,252.95.155.225
2023,Kain,Szwandt,kszwandtpm@tripod.com,Male,172.11.98.131
2024,Iggy,Traylen,itraylenpn@gravatar.com,Male,73.107.185.188
2025,Stanford,Loalday,sloaldaypo@yahoo.com,Male,51.56.217.153
2026,Denis,Warbeys,dwarbeyspp@archive.org,Agender,62.98.80.91
2027,Dorthea,Butner,dbutnerpq@dell.com,Female,42.171.43.251
2028,Baudoin,Yitzowitz,byitzowitzpr@examiner.com,Male,85.51.91.224
2029,Elnar,Clemens,eclemensps@jimdo.com,Male,73.22.209.172
2030,Corry,McDonogh,cmcdonoghpt@wired.com,Genderfluid,112.56.196.189
2031,Melonie,Simkiss,msimkisspu@npr.org,Female,11.35.31.44
2032,Elspeth,Manifold,emanifoldpv@oracle.com,Female,250.69.69.163
2033,Skipper,Faire,sfairepw@dmoz.org,Agender,81.57.69.136
2034,Karlik,Pagett,kpagettpx@wsj.com,Male,123.128.79.180
2035,Morgan,Golden,mgoldenpy@constantcontact.com,Male,157.61.250.240
2036,Terrel,Marqyes,tmarqyespz@uol.com.br,Male,118.32.212.127
2037,Vance,Drewery,vdreweryq0@stanford.edu,Male,167.93.45.49
2038,Bruce,Stringer,bstringerq1@sfgate.com,Male,18.86.65.170
2039,Mahmud,Crumpe,mcrumpeq2@elegantthemes.com,Male,81.165.166.134
2040,Albertine,Donovan,adonovanq3@buzzfeed.com,Female,168.44.194.98
2041,Rhett,Fuentez,rfuentezq4@qq.com,Male,157.196.97.100
2042,Abdul,Dumphry,adumphryq5@theguardian.com,Male,154.159.98.70
2043,Marlie,Cordeux,mcordeuxq6@friendfeed.com,Female,61.100.206.246
2044,Dory,Ovens,dovensq7@wired.com,Male,199.128.69.138
2045,Stephi,Cleatherow,scleatherowq8@csmonitor.com,Female,54.137.14.0
2046,Christoffer,Glenwright,cglenwrightq9@shop-pro.jp,Male,198.174.175.18
2047,Charleen,Fuente,cfuenteqa@lycos.com,Female,36.50.2.144
2048,Saxon,Sansbury,ssansburyqb@amazon.de,Male,152.225.16.87
2049,Hanny,Sommersett,hsommersettqc@examiner.com,Female,45.16.165.223
2050,Barthel,Jouanet,bjouanetqd@scientificamerican.com,Male,184.118.100.70
2051,Ruthy,Skypp,rskyppqe@army.mil,Genderqueer,126.172.240.215
2052,Jase,Cyson,jcysonqf@t-online.de,Male,212.32.155.224
2053,Gwenore,Beeres,gbeeresqg@constantcontact.com,Female,56.175.248.191
2054,Karee,Creech,kcreechqh@cpanel.net,Female,245.84.120.49
2055,Elfie,Swift,eswiftqi@deliciousdays.com,Female,180.237.37.197
2056,Nicki,Peyto,npeytoqj@quantcast.com,Female,74.19.190.69
2057,Wilhelm,Vignal,wvignalqk@github.io,Male,247.161.88.33
2058,Devina,Mennithorp,dmennithorpql@pen.io,Female,137.163.119.223
2059,Alberik,Fumagalli,afumagalliqm@va.gov,Polygender,162.218.138.22
2060,Amabel,Heers,aheersqn@unc.edu,Female,52.209.163.202
2061,Willdon,Butrimovich,wbutrimovichqo@php.net,Male,66.142.243.25
2062,Armand,Iacovo,aiacovoqp@nifty.com,Agender,33.42.180.112
2063,Marcelline,Denidge,mdenidgeqq@phoca.cz,Female,25.254.240.12
2064,Elise,Deakes,edeakesqr@prnewswire.com,Female,137.98.210.181
2065,Selle,Espin,sespinqs@sciencedirect.com,Female,44.30.206.1
2066,Elsworth,Ghilks,eghilksqt@behance.net,Male,225.130.164.96
2067,Kissee,Lukianovich,klukianovichqu@pen.io,Female,70.203.155.110
2068,Hadley,Wormleighton,hwormleightonqv@printfriendly.com,Male,182.143.189.55
2069,Hagan,Laughton,hlaughtonqw@stumbleupon.com,Male,120.16.254.235
2070,Dulci,Boyack,dboyackqx@wisc.edu,Female,136.187.99.31
2071,Ginny,Lupson,glupsonqy@cafepress.com,Female,231.213.52.132
2072,Granger,Cofax,gcofaxqz@technorati.com,Male,207.102.90.132
2073,Lenore,Childerley,lchilderleyr0@wsj.com,Female,7.122.173.136
2074,Liesa,Zellick,lzellickr1@dyndns.org,Bigender,81.128.215.78
2075,Douglass,Limbrick,dlimbrickr2@desdev.cn,Male,224.6.1.8
2076,Coleman,Newhouse,cnewhouser3@economist.com,Male,32.108.124.160
2077,Benedetto,Cowen,bcowenr4@wix.com,Male,135.151.180.216
2078,Leena,Gildea,lgildear5@bigcartel.com,Female,21.2.250.240
2079,Jon,Keddy,jkeddyr6@yandex.ru,Male,164.124.177.9
2080,Darya,Sellars,dsellarsr7@upenn.edu,Female,105.129.81.189
2081,Olympie,Skae,oskaer8@army.mil,Female,205.195.239.246
2082,Sarajane,Edwins,sedwinsr9@lulu.com,Female,221.139.139.20
2083,Iggy,Molloy,imolloyra@smugmug.com,Genderfluid,19.181.3.11
2084,Emanuel,Medwell,emedwellrb@latimes.com,Male,128.123.169.25
2085,Tomaso,Iseton,tisetonrc@nps.gov,Male,103.242.41.229
2086,Leoine,O'Dowgaine,lodowgainerd@photobucket.com,Female,10.16.136.152
2087,Jerrold,Calladine,jcalladinere@macromedia.com,Male,215.168.238.43
2088,Tiena,Job,tjobrf@china.com.cn,Female,139.212.40.47
2089,Modesta,Greenfield,mgreenfieldrg@tripadvisor.com,Female,67.222.80.73
2090,Jenelle,Loseby,jlosebyrh@webnode.com,Female,192.223.114.52
2091,Carey,Rubel,crubelri@biblegateway.com,Male,44.150.165.107
2092,Wynn,Etchells,wetchellsrj@google.ca,Female,17.83.172.22
2093,Jerad,McGilvary,jmcgilvaryrk@bandcamp.com,Male,250.227.189.68
2094,Coletta,Janks,cjanksrl@com.com,Female,62.50.11.3
2095,Jeno,Heisman,jheismanrm@businessweek.com,Male,123.238.237.119
2096,Knox,Mulrooney,kmulrooneyrn@accuweather.com,Male,227.200.157.216
2097,Dukie,Georgel,dgeorgelro@wikipedia.org,Male,163.43.241.69
2098,Berenice,Lauritsen,blauritsenrp@canalblog.com,Female,69.239.173.194
2099,Weider,Presslie,wpresslierq@devhub.com,Male,170.63.38.57
2100,Barth,Steinhammer,bsteinhammerrr@unicef.org,Male,86.37.109.138
