1,Blenkinship, Janeen,jblenkinship0@eventbrite.com,212.52.153.37
3,Van Hesteren, Kimmy,kvanhesteren2@trellian.com,90.173.169.5
5,Forman, Nellie,nforman4@miitbeian.gov.cn,153.202.139.123
6,Ungerechts, Fanchon,fungerechts5@goodreads.com,192.129.59.61
7,Reekie, Annabela,areekie6@merriam-webster.com,14.115.25.127
8,Ligoe, Talyah,tligoe7@alexa.com,7.86.175.144
9,Commin, Averill,acommin8@printfriendly.com,127.249.195.159
10,Stelfox, Penelopa,pstelfox9@sciencedaily.com,128.183.240.157
11,Whopples, Arda,awhopplesa@netvibes.com,56.96.232.156
12,Corcut, Leandra,lcorcutb@dyndns.org,120.35.210.133
13,Adamsen, Ellsworth,eadamsenc@webmd.com,216.255.227.96
15,Cree, Hallie,hcreee@hhs.gov,82.58.200.75
17,Cudde, Alon,acuddeg@ehow.com,30.40.76.39
18,Aizikowitz, Tomasine,taizikowitzh@cisco.com,162.194.163.197
19,Twomey, Jose,jtwomeyi@gov.uk,118.107.34.208
20,Woan, Nona,nwoanj@flavors.me,38.226.200.133
21,Bortol, Gery,gbortolk@godaddy.com,63.31.229.131
22,Haszard, Zulema,zhaszardl@shop-pro.jp,165.34.144.5
23,Kordova, Timmy,tkordovam@storify.com,35.141.252.19
24,Bawcock, Sisely,sbawcockn@myspace.com,144.99.245.212
25,Checklin, Tad,tchecklino@behance.net,221.160.50.209
26,Roddick, Katuscha,kroddickp@elegantthemes.com,23.84.221.127
27,Eddow, Ulrika,ueddowq@foxnews.com,117.105.225.170
28,Brazener, Trumann,tbrazenerr@naver.com,171.173.99.213
29,Raoult, Rosalinde,rraoults@sakura.ne.jp,165.6.246.238
31,Pymm, Kevan,kpymmu@howstuffworks.com,86.120.44.11
33,Bricklebank, Gertrude,gbricklebankw@ibm.com,146.5.104.54
35,Kasting, Pegeen,pkastingy@loc.gov,45.231.180.156
37,Robeson, Verge,vrobeson10@4shared.com,99.237.223.68
38,Hymas, Lola,lhymas11@163.com,48.43.54.117
39,Moffet, Frans,fmoffet12@ucoz.com,93.189.88.217
40,Isakowicz, Dulcia,disakowicz13@ifeng.com,16.11.238.245
41,Haslen, Ricca,rhaslen14@last.fm,129.40.130.24
42,Stebbing, Sabra,sstebbing15@booking.com,183.36.134.216
43,Trevon, Shaine,strevon16@virginia.edu,37.198.2.18
45,Thorouggood, Aggy,athorouggood18@nsw.gov.au,50.37.5.231
47,Sikorsky, Cordy,csikorsky1a@amazon.de,67.211.124.209
49,Sibbald, Clyve,csibbald1c@mlb.com,144.158.27.59
50,Gillhespy, Illa,igillhespy1d@npr.org,81.111.113.199
51,Bloor, Jack,jbloor1e@google.co.jp,40.160.131.97
52,Corkhill, Anetta,acorkhill1f@princeton.edu,59.140.238.159
53,Glenton, Blake,bglenton1g@chron.com,18.104.98.195
54,Fleischmann, Mendy,mfleischmann1h@google.nl,63.95.73.250
55,Beekman, Christian,cbeekman1i@google.fr,226.110.91.67
57,Galler, Karlene,kgaller1k@smh.com.au,40.112.166.169
58,Millbank, Raddy,rmillbank1l@huffingtonpost.com,99.87.187.111
59,Saladino, Alicia,asaladino1m@thetimes.co.uk,39.129.119.246
61,Kabsch, Jameson,jkabsch1o@businessinsider.com,228.212.38.179
63,Benedict, Andie,abenedict1q@paginegialle.it,79.115.145.124
65,Pepperd, Waylin,wpepperd1s@stumbleupon.com,16.54.187.116
66,McCombe, Madelin,mmccombe1t@msn.com,173.79.250.90
67,Poore, Pepillo,ppoore1u@networkadvertising.org,157.137.123.135
68,Bawle, Rebekah,rbawle1v@howstuffworks.com,23.64.21.40
69,Rossetti, Kincaid,krossetti1w@oakley.com,64.61.159.68
71,Harburtson, Gabriel,gharburtson1y@tripod.com,197.239.211.100
72,Patterfield, Florina,fpatterfield1z@webnode.com,74.64.192.109
73,Jose, Sanford,sjose20@columbia.edu,222.25.0.4
74,Wadelin, Hannie,hwadelin21@google.ca,150.75.186.35
75,Kovnot, Leeanne,lkovnot22@cdc.gov,233.111.182.221
77,Colbrun, Fitzgerald,fcolbrun24@sciencedaily.com,195.121.168.117
78,Mordaunt, Bryanty,bmordaunt25@1und1.de,206.244.28.76
79,Summerfield, Jarib,jsummerfield26@virginia.edu,19.234.58.80
81,Halifax, Shelly,shalifax28@youtu.be,159.129.42.20
82,Jaulmes, Sonnie,sjaulmes29@cloudflare.com,157.36.216.234
83,Ivanikhin, Hasheem,hivanikhin2a@earthlink.net,172.123.194.255
84,Sarten, Cristine,csarten2b@techcrunch.com,112.209.15.96
85,Bess, Sauveur,sbess2c@indiegogo.com,127.241.83.180
86,Johansson, Evy,ejohansson2d@usnews.com,151.202.138.110
87,Wanderschek, Paige,pwanderschek2e@pinterest.com,41.75.208.75
88,Micallef, Gaby,gmicallef2f@de.vu,73.77.81.216
89,Josefer, Ravid,rjosefer2g@furl.net,242.255.168.159
90,Farrar, Liza,lfarrar2h@fc2.com,220.39.36.230
91,Aplin, Zebadiah,zaplin2i@illinois.edu,125.59.227.208
92,Brunini, Sabine,sbrunini2j@hostgator.com,107.82.7.8
93,Thurske, Sheilah,sthurske2k@elegantthemes.com,77.91.191.251
95,Argont, Der,dargont2m@narod.ru,67.168.214.183
97,Olle, Maryellen,molle2o@google.fr,185.177.244.22
99,Yeoman, Leigh,lyeoman2q@4shared.com,41.210.225.254
