id,first_name,last_name,email,gender,ip_address
101,Dene,Tuffey,dtuffey0@bing.com,Male,42.95.111.49
102,Wyatt,Fayter,wfayter1@live.com,Male,244.42.195.240
103,Meade,Roussel,mroussel2@businessweek.com,Female,253.62.133.89
104,Bengt,Robinett,brobinett3@photobucket.com,Male,70.134.171.106
105,Susanetta,Choldcroft,scholdcroft4@sciencedaily.com,Agender,183.186.240.24
106,Bastien,McAvin,bmcavin5@cam.ac.uk,Male,182.19.82.250
107,Kristine,Jone,kjone6@canalblog.com,Female,58.197.246.138
108,Evyn,Sawart,esawart7@cnbc.com,Bigender,35.232.250.251
109,Mannie,Kyte,mkyte8@cisco.com,Male,166.137.78.147
110,Alanson,Coules,acoules9@naver.com,Male,186.144.0.113
111,Charmain,Pigram,cpigrama@theglobeandmail.com,Female,116.100.126.62
112,Zachary,Andress,zandressb@yolasite.com,Male,174.168.126.46
113,Reynold,Poschel,rposchelc@quantcast.com,Male,225.253.109.155
114,Ichabod,Bruggen,ibruggend@shinystat.com,Male,189.84.196.104
115,Courtenay,Giacobazzi,cgiacobazzie@gov.uk,Female,103.167.241.214
116,Abelard,Doul,adoulf@miibeian.gov.cn,Male,140.42.33.180
117,Stace,Lillywhite,slillywhiteg@ask.com,Female,159.158.23.64
118,Dewie,Wrotchford,dwrotchfordh@wunderground.com,Male,242.178.174.212
119,Fairleigh,Molnar,fmolnari@printfriendly.com,Male,107.222.117.251
120,Farleigh,McOrkil,fmcorkilj@nbcnews.com,Male,47.114.215.191
121,Cobby,Whillock,cwhillockk@pinterest.com,Male,207.6.129.74
122,Joye,Laherty,jlahertyl@cisco.com,Female,101.2.137.151
123,Odie,Perkin,operkinm@bing.com,Male,113.124.30.4
124,Kelley,Sturton,ksturtonn@nbcnews.com,Female,146.97.114.183
125,Berton,Swinerd,bswinerdo@wix.com,Male,48.74.54.7
126,Norrie,Randles,nrandlesp@youku.com,Male,227.24.70.225
127,Syd,Colleer,scolleerq@gravatar.com,Non-binary,110.62.219.106
128,Con,Murrell,cmurrellr@zimbio.com,Male,153.203.189.50
129,Toiboid,Tailby,ttailbys@reuters.com,Male,204.30.118.132
130,Reginauld,Mcasparan,rmcasparant@163.com,Male,183.184.197.55
131,Timmi,Gerard,tgerardu@stumbleupon.com,Female,62.231.178.190
132,Niccolo,Budgen,nbudgenv@cornell.edu,Male,161.149.209.36
133,Shena,Baldacco,sbaldaccow@tumblr.com,Female,116.22.192.131
134,Winnifred,Chazotte,wchazottex@e-recht24.de,Female,194.124.128.2
135,Khalil,Mennell,kmennelly@people.com.cn,Male,252.127.86.31
136,Imogen,Chudleigh,ichudleighz@wired.com,Female,186.108.202.243
137,Fey,Channer,fchanner10@ucoz.ru,Female,110.26.223.144
138,Kevyn,Beet,kbeet11@dailymail.co.uk,Female,243.206.183.215
139,Sascha,Wilsdon,swilsdon12@shareasale.com,Female,106.173.20.35
140,Merell,Meeland,mmeeland13@artisteer.com,Male,53.222.106.26
141,Agnella,Oland,aoland14@mediafire.com,Female,150.28.184.118
142,Susanne,Leffek,sleffek15@google.com,Female,141.56.148.53
143,Scottie,Gertz,sgertz16@sciencedaily.com,Male,90.124.59.98
144,Lynnell,Kubanek,lkubanek17@1und1.de,Non-binary,88.243.196.195
145,Darcie,Fendlen,dfendlen18@yellowpages.com,Female,188.70.183.229
146,Susannah,Leuty,sleuty19@xinhuanet.com,Female,177.236.10.160
147,Ammamaria,O' Connell,aoconnell1a@nifty.com,Female,143.200.137.203
148,Creighton,Morch,cmorch1b@bloglovin.com,Male,76.230.81.102
149,Kikelia,Ranyelld,kranyelld1c@desdev.cn,Female,164.237.85.57
150,Deeanne,MacCleay,dmaccleay1d@comcast.net,Female,203.52.176.135
151,Remington,Feacham,rfeacham1e@gov.uk,Male,152.242.40.49
152,Ludwig,Boldock,lboldock1f@symantec.com,Male,126.124.105.182
153,Mallory,Joder,mjoder1g@sbwire.com,Male,71.169.48.51
154,Briano,Jotham,bjotham1h@tmall.com,Male,105.127.94.86
155,Jami,Bellino,jbellino1i@fema.gov,Female,158.56.37.150
156,Feliza,Tollerton,ftollerton1j@webmd.com,Female,144.74.161.39
157,Alecia,Hammerton,ahammerton1k@exblog.jp,Female,185.131.88.75
158,Shena,Trathan,strathan1l@cpanel.net,Female,40.13.126.187
159,Thorin,Redmore,tredmore1m@ted.com,Male,71.3.251.55
160,Edeline,Dutch,edutch1n@wufoo.com,Female,119.226.51.134
161,Dani,Hoggin,dhoggin1o@cam.ac.uk,Male,179.16.87.139
162,Calhoun,Esmead,cesmead1p@pinterest.com,Male,145.60.3.6
163,Marianne,Mawdsley,mmawdsley1q@ameblo.jp,Female,60.103.222.9
164,Steffen,Abbati,sabbati1r@earthlink.net,Male,69.38.236.15
165,Marshall,Schober,mschober1s@dyndns.org,Male,245.109.118.72
166,Allx,Ruddock,aruddock1t@networksolutions.com,Female,170.232.176.29
167,Pamelina,Grocock,pgrocock1u@imgur.com,Female,113.144.60.178
168,Marline,Linfield,mlinfield1v@microsoft.com,Polygender,95.148.78.246
169,Bailie,Banbury,bbanbury1w@accuweather.com,Male,82.163.44.82
170,Corilla,Beresford,cberesford1x@netscape.com,Bigender,216.100.46.150
171,Eunice,Dionisio,edionisio1y@digg.com,Female,94.122.103.102
172,Shelagh,Sanderson,ssanderson1z@miitbeian.gov.cn,Female,164.203.14.80
173,Guss,McGairl,gmcgairl20@unc.edu,Genderfluid,70.144.19.56
174,Elianore,Charters,echarters21@aol.com,Female,24.191.241.209
175,Maurie,Luca,mluca22@house.gov,Male,212.93.65.227
176,Base,Boundey,bboundey23@surveymonkey.com,Male,223.255.55.46
177,Babs,Stinson,bstinson24@economist.com,Female,107.190.249.153
178,Jasper,Guinnane,jguinnane25@squidoo.com,Male,97.51.34.204
179,Bord,Aldiss,baldiss26@imgur.com,Male,9.94.202.170
180,Marshal,Taylour,mtaylour27@nbcnews.com,Male,45.207.206.116
181,Corene,Ratchford,cratchford28@sourceforge.net,Female,128.27.153.108
182,Nicko,Fernez,nfernez29@indiatimes.com,Male,190.56.118.145
183,Daren,Henrie,dhenrie2a@toplist.cz,Male,128.121.23.64
184,Allys,Dufall,adufall2b@mysql.com,Female,79.67.37.192
185,Llewellyn,Wisdish,lwisdish2c@com.com,Male,94.9.82.159
186,Audra,Dunphy,adunphy2d@fc2.com,Female,196.250.203.159
187,Katalin,Pullan,kpullan2e@webeden.co.uk,Female,73.210.244.92
188,Ginny,Kieff,gkieff2f@nasa.gov,Female,164.181.143.115
189,Lela,Yoxen,lyoxen2g@vistaprint.com,Female,37.216.51.50
190,Bord,Brimicombe,bbrimicombe2h@springer.com,Male,222.13.31.76
191,Hobey,Stovin,hstovin2i@netlog.com,Male,38.62.29.234
192,Bartlett,Shipperbottom,bshipperbottom2j@godaddy.com,Male,117.200.161.104
193,Zita,Josephson,zjosephson2k@state.tx.us,Female,57.93.142.132
194,Chandra,Remmers,cremmers2l@jalbum.net,Female,198.176.84.3
195,Tod,Bumpass,tbumpass2m@live.com,Male,59.172.206.75
196,Marlowe,Petrasso,mpetrasso2n@sina.com.cn,Male,198.189.63.211
197,Wye,Howman,whowman2o@irs.gov,Male,99.114.165.182
198,Barbie,Barniss,bbarniss2p@mapquest.com,Female,5.151.110.136
199,Cleopatra,Grimestone,cgrimestone2q@msn.com,Female,109.16.4.122
200,Cordi,Simkovitz,csimkovitz2r@mediafire.com,Genderfluid,249.71.187.138
201,Jannel,Fiveash,jfiveash2s@ebay.co.uk,Female,113.166.173.163
202,Lulu,Pollard,lpollard2t@google.nl,Female,90.93.132.171
203,Vida,Deverson,vdeverson2u@intel.com,Female,217.50.59.83
204,Trey,Antonellini,tantonellini2v@hatena.ne.jp,Male,89.30.119.43
205,Phillipe,Kenwyn,pkenwyn2w@patch.com,Male,236.96.32.13
206,Vinnie,Shalcras,vshalcras2x@bizjournals.com,Male,181.75.73.112
207,Marian,Forker,mforker2y@cbslocal.com,Female,15.72.30.158
208,Evelyn,Vauls,evauls2z@usnews.com,Male,1.166.125.25
209,Herbie,Antonomolii,hantonomolii30@ucoz.com,Male,85.194.189.0
210,Ashlie,Conduit,aconduit31@desdev.cn,Female,84.255.76.114
211,Wald,Missen,wmissen32@google.nl,Male,64.127.106.117
212,Emerson,Armatage,earmatage33@ox.ac.uk,Male,71.58.71.116
213,Perry,Devonald,pdevonald34@ucla.edu,Female,190.29.203.187
214,Nanette,Corthes,ncorthes35@youtube.com,Female,20.254.70.255
215,Lion,Fisbey,lfisbey36@oakley.com,Male,147.40.208.73
216,Ingamar,Storks,istorks37@w3.org,Male,240.237.183.223
217,Christabella,Jado,cjado38@exblog.jp,Female,164.6.10.0
218,Raynard,Erb,rerb39@geocities.com,Male,5.110.85.207
219,Berkeley,Vautin,bvautin3a@oracle.com,Bigender,136.197.221.145
220,Hector,Peers,hpeers3b@gizmodo.com,Male,125.154.214.79
221,Dareen,Nunnerley,dnunnerley3c@wsj.com,Female,209.180.93.32
222,Neale,Critch,ncritch3d@ask.com,Male,108.43.5.135
223,Rozamond,Knevett,rknevett3e@rakuten.co.jp,Female,249.93.11.230
224,Alvera,Cumbes,acumbes3f@toplist.cz,Female,128.212.74.78
225,Gavrielle,Zorer,gzorer3g@ycombinator.com,Genderfluid,16.182.222.76
226,Yolane,Caulier,ycaulier3h@etsy.com,Female,5.42.134.177
227,Willard,Edes,wedes3i@yellowpages.com,Male,60.106.127.253
228,Lita,Clerk,lclerk3j@soup.io,Female,96.116.105.139
229,Chilton,McAdam,cmcadam3k@amazon.co.jp,Male,162.233.70.90
230,Kathe,Joseph,kjoseph3l@tinypic.com,Female,106.222.157.193
231,Giorgio,Rymmer,grymmer3m@ebay.com,Male,216.245.251.182
232,Hamil,Schimaschke,hschimaschke3n@smh.com.au,Male,227.177.224.239
233,Wilmer,Trainor,wtrainor3o@auda.org.au,Male,100.240.247.202
234,Currie,Wickliffe,cwickliffe3p@php.net,Male,116.88.49.229
235,Shaughn,Casillis,scasillis3q@sphinn.com,Male,2.183.195.146
236,Fraze,Geater,fgeater3r@census.gov,Genderqueer,20.65.15.161
237,Sutherland,Fransman,sfransman3s@ebay.com,Male,58.118.0.133
238,Annmarie,Hamal,ahamal3t@youku.com,Female,211.94.141.11
239,Vaughn,Crayton,vcrayton3u@telegraph.co.uk,Male,114.73.15.215
240,Jonis,Cordoba,jcordoba3v@scientificamerican.com,Female,158.239.123.250
241,Kareem,Aveyard,kaveyard3w@dropbox.com,Male,201.224.134.232
242,Tiebout,Royall,troyall3x@diigo.com,Male,242.86.50.131
243,Aurelie,Need,aneed3y@livejournal.com,Female,109.106.155.215
244,Nelia,Janczewski,njanczewski3z@spotify.com,Female,71.145.123.101
245,Justine,Please,jplease40@drupal.org,Female,162.150.233.175
246,Stanislas,Chable,schable41@nytimes.com,Male,123.58.132.93
247,Jake,Furniss,jfurniss42@japanpost.jp,Male,23.25.223.34
248,Karilynn,Roger,kroger43@mtv.com,Non-binary,243.203.69.4
249,Winni,Rodliff,wrodliff44@boston.com,Female,5.248.123.205
250,Orrin,Piggrem,opiggrem45@moonfruit.com,Male,70.107.67.245
251,Dacy,Button,dbutton46@ameblo.jp,Female,84.196.224.88
252,Deena,Birnie,dbirnie47@digg.com,Female,100.3.30.80
253,Raynor,Keitley,rkeitley48@skyrock.com,Male,187.90.227.2
254,Susann,Rabjohn,srabjohn49@delicious.com,Female,126.115.100.193
255,Brooks,Gameson,bgameson4a@posterous.com,Male,2.82.72.196
256,Kiele,Uman,kuman4b@fda.gov,Female,18.140.156.25
257,Donnie,Harriday,dharriday4c@epa.gov,Female,74.32.21.218
258,Teriann,Arbuckle,tarbuckle4d@uol.com.br,Female,63.32.12.173
259,Arvy,Lafranconi,alafranconi4e@auda.org.au,Male,226.106.48.173
260,Normy,Odell,nodell4f@abc.net.au,Male,53.105.65.33
261,Ozzy,Peacher,opeacher4g@ycombinator.com,Male,254.255.144.87
262,Perry,Eastop,peastop4h@ifeng.com,Female,30.132.40.149
263,Roz,Auguste,rauguste4i@feedburner.com,Genderqueer,181.227.79.137
264,Briggs,Armin,barmin4j@archive.org,Male,224.194.221.160
265,Kiley,Tilberry,ktilberry4k@ihg.com,Female,63.178.67.160
266,Carlotta,Gilmartin,cgilmartin4l@tmall.com,Female,155.18.180.13
267,Georg,Knocker,gknocker4m@purevolume.com,Male,118.27.177.12
268,Babbie,Yesenev,byesenev4n@jigsy.com,Female,110.225.180.65
269,Corenda,Marquet,cmarquet4o@dagondesign.com,Female,37.151.122.83
270,Sissie,Franzewitch,sfranzewitch4p@walmart.com,Female,80.169.153.204
271,Elsworth,Belfrage,ebelfrage4q@opensource.org,Male,241.245.29.241
272,Rick,Theobalds,rtheobalds4r@ted.com,Male,187.100.245.9
273,Lucretia,Pydcock,lpydcock4s@va.gov,Female,112.0.41.146
274,Krystal,Mallen,kmallen4t@soundcloud.com,Female,112.120.169.205
275,Torr,Mylechreest,tmylechreest4u@issuu.com,Male,90.87.157.247
276,Karen,Eland,keland4v@netvibes.com,Female,141.247.238.130
277,Felipe,Ebrall,febrall4w@php.net,Male,138.197.132.86
278,Tully,Gehricke,tgehricke4x@php.net,Male,249.18.239.23
279,Quintina,Berthel,qberthel4y@merriam-webster.com,Female,113.119.15.218
280,Abner,Osboldstone,aosboldstone4z@columbia.edu,Male,24.9.198.20
281,Isa,Cossey,icossey50@nbcnews.com,Male,104.43.8.17
282,Hannah,Casaletto,hcasaletto51@constantcontact.com,Female,182.54.210.214
283,Michal,ducarme,mducarme52@apache.org,Male,187.150.167.92
284,Sigismund,Tubby,stubby53@hp.com,Male,222.105.224.212
285,Brenden,Elleton,belleton54@imdb.com,Male,244.206.61.161
286,Obadias,Nuccii,onuccii55@nydailynews.com,Male,174.168.15.70
287,Carlota,Baudacci,cbaudacci56@sina.com.cn,Female,57.35.40.58
288,Ermanno,Benkin,ebenkin57@si.edu,Male,49.74.228.228
289,Barnie,Blackett,bblackett58@berkeley.edu,Male,202.247.30.160
290,Byron,Herreros,bherreros59@dropbox.com,Male,224.249.100.25
291,Gawain,Spillman,gspillman5a@diigo.com,Male,231.140.210.252
292,Quinn,Enever,qenever5b@senate.gov,Female,38.137.103.222
293,Cicily,Oger,coger5c@about.com,Female,74.151.123.65
294,Lynde,Tesimon,ltesimon5d@livejournal.com,Female,185.252.151.51
295,Darill,Pawlick,dpawlick5e@wiley.com,Male,14.233.5.14
296,Padraig,Sauvain,psauvain5f@phoca.cz,Male,191.193.148.29
297,Web,Witchard,wwitchard5g@skype.com,Male,208.121.197.22
298,Gill,Keyhoe,gkeyhoe5h@blogs.com,Agender,37.177.150.185
299,Lucina,Mishaw,lmishaw5i@bizjournals.com,Female,227.15.165.16
300,Hanson,Rollason,hrollason5j@spiegel.de,Male,81.197.254.133
301,Bing,Gahagan,bgahagan5k@weebly.com,Male,74.97.71.93
302,Franni,Dray,fdray5l@i2i.jp,Female,218.109.22.111
303,Julia,Charlton,jcharlton5m@irs.gov,Female,209.109.99.83
304,Erina,Stangoe,estangoe5n@ezinearticles.com,Female,94.213.247.132
305,Justinian,Francey,jfrancey5o@sitemeter.com,Male,16.62.195.233
306,Goldarina,Goldup,ggoldup5p@hexun.com,Female,4.134.40.158
307,Buiron,Brough,bbrough5q@usatoday.com,Genderfluid,122.148.178.117
308,Blancha,Conkey,bconkey5r@cafepress.com,Female,174.180.16.5
309,Maryanne,Schlagman,mschlagman5s@gov.uk,Female,132.11.170.232
310,Davidde,Jimmison,djimmison5t@answers.com,Male,219.44.168.33
311,Bing,Batisse,bbatisse5u@tripod.com,Male,80.115.114.209
312,Rosmunda,Dyke,rdyke5v@bbc.co.uk,Female,101.6.228.192
313,Magdalen,Bisgrove,mbisgrove5w@rakuten.co.jp,Female,137.74.71.94
314,Korry,Dunklee,kdunklee5x@bbb.org,Female,247.228.129.107
315,Gordie,Crackel,gcrackel5y@icq.com,Male,90.175.198.227
316,Jonis,Nelsey,jnelsey5z@yellowpages.com,Female,235.103.74.141
317,Kiah,Beausang,kbeausang60@imgur.com,Female,216.119.51.176
318,Steffane,Redparth,sredparth61@shareasale.com,Female,183.252.249.173
319,Vivianna,Coonan,vcoonan62@goodreads.com,Female,198.243.44.188
320,Susie,Elington,selington63@earthlink.net,Female,0.191.245.135
321,Dorene,Scrancher,dscrancher64@tinypic.com,Female,145.2.228.19
322,Tomkin,Artharg,tartharg65@washington.edu,Male,28.224.132.236
323,Chevalier,Gaunt,cgaunt66@mashable.com,Male,154.225.136.206
324,Marianna,Ruttgers,mruttgers67@soup.io,Female,10.136.194.226
325,Devon,Powton,dpowton68@nifty.com,Female,102.104.71.233
326,Phillis,Blease,pblease69@chicagotribune.com,Female,61.85.124.147
327,Bastien,Seaborn,bseaborn6a@t-online.de,Male,46.235.235.24
328,Herschel,Khomich,hkhomich6b@arstechnica.com,Male,190.244.92.243
329,Mercie,Yannikov,myannikov6c@ehow.com,Female,93.100.143.144
330,Darlleen,Jado,djado6d@epa.gov,Female,140.189.12.91
331,Erminie,Debell,edebell6e@prnewswire.com,Genderfluid,136.41.174.165
332,Anatol,Atthow,aatthow6f@nature.com,Male,218.228.115.97
333,Kaila,O'Doireidh,kodoireidh6g@buzzfeed.com,Female,85.10.6.205
334,Kassi,Eynald,keynald6h@bandcamp.com,Female,70.55.161.101
335,Faydra,Yokelman,fyokelman6i@jalbum.net,Genderqueer,187.107.246.193
336,Antonio,Colleford,acolleford6j@goodreads.com,Male,158.151.122.13
337,Shae,Bebbell,sbebbell6k@webnode.com,Female,76.218.219.50
338,Billy,Haston,bhaston6l@xing.com,Male,117.251.73.213
339,Agretha,Chieze,achieze6m@chicagotribune.com,Female,131.121.173.79
340,Nye,Kleinschmidt,nkleinschmidt6n@mac.com,Male,142.245.175.86
341,Linus,Clapham,lclapham6o@nps.gov,Male,244.58.134.111
342,Pat,Flucker,pflucker6p@marketwatch.com,Male,190.86.17.58
343,Lyman,Calrow,lcalrow6q@msn.com,Male,190.147.62.78
344,Krishnah,Spellesy,kspellesy6r@pcworld.com,Male,140.248.250.55
345,Blakelee,Kettlestringe,bkettlestringe6s@google.cn,Female,122.15.184.153
346,Isaiah,Hurran,ihurran6t@purevolume.com,Male,93.70.186.255
347,Martie,Mordaunt,mmordaunt6u@wiley.com,Female,157.81.50.32
348,Noe,Wrassell,nwrassell6v@google.es,Male,38.7.128.24
349,Gasper,Gaishson,ggaishson6w@miitbeian.gov.cn,Male,72.163.81.207
350,Claudius,Friberg,cfriberg6x@reddit.com,Male,143.11.128.53
351,Goldarina,Addison,gaddison6y@wp.com,Female,75.131.218.100
352,Stephine,Cable,scable6z@networksolutions.com,Female,152.236.152.31
353,Edgar,Chamberlin,echamberlin70@drupal.org,Male,255.86.107.97
354,Pepita,Breede,pbreede71@reverbnation.com,Female,95.62.77.45
355,Aluin,Ertelt,aertelt72@google.pl,Male,241.68.138.125
356,Alfonso,Tomsa,atomsa73@unblog.fr,Male,215.130.219.199
357,Bonita,O' Hanvey,bohanvey74@bloglines.com,Female,29.239.147.231
358,Stefan,Lade,slade75@cmu.edu,Male,50.244.71.36
359,Benjamin,Carder,bcarder76@harvard.edu,Male,86.155.189.1
360,Derrek,Woodeson,dwoodeson77@mozilla.com,Male,66.103.42.13
361,Joshuah,Malan,jmalan78@nytimes.com,Male,97.146.198.229
362,Lorrayne,Oakwell,loakwell79@census.gov,Female,160.78.25.237
363,Stefano,De Biasi,sdebiasi7a@techcrunch.com,Male,228.147.210.34
364,Flory,Franchi,ffranchi7b@ucla.edu,Male,80.22.200.151
365,Damian,Barr,dbarr7c@devhub.com,Male,148.147.124.149
366,Renata,Feathers,rfeathers7d@comcast.net,Female,137.122.190.189
367,Sarge,Wadman,swadman7e@miitbeian.gov.cn,Male,170.163.34.73
368,Marve,Wellington,mwellington7f@marketwatch.com,Male,73.209.214.141
369,Amble,Ivison,aivison7g@sun.com,Male,117.65.161.142
370,Chevy,Hayman,chayman7h@dagondesign.com,Male,192.108.116.82
371,Ian,Witcombe,iwitcombe7i@linkedin.com,Male,187.139.93.76
372,Mirella,Docksey,mdocksey7j@fda.gov,Female,95.83.255.139
373,Leoine,Acors,lacors7k@soup.io,Agender,51.188.37.219
374,Alix,Tunney,atunney7l@ow.ly,Male,119.59.94.190
375,Brockie,Aldersea,baldersea7m@ibm.com,Male,194.89.249.208
376,Pavel,Duck,pduck7n@epa.gov,Male,244.143.246.149
377,Molli,Stango,mstango7o@ca.gov,Female,188.145.195.99
378,Blake,Beesey,bbeesey7p@exblog.jp,Male,126.156.102.252
379,Daisy,Cram,dcram7q@fema.gov,Female,108.240.149.247
380,Marcella,Weighell,mweighell7r@smh.com.au,Female,194.59.79.237
381,Pepe,Surman-Wells,psurmanwells7s@bing.com,Male,22.170.136.176
382,Clark,Coppard,ccoppard7t@dell.com,Polygender,133.146.88.102
383,Fredia,Duckers,fduckers7u@nymag.com,Female,134.9.108.73
384,Helenka,Suffield,hsuffield7v@cam.ac.uk,Female,225.234.120.195
385,Sidney,Dietsche,sdietsche7w@ask.com,Male,140.123.212.54
386,Dalia,Dyball,ddyball7x@uiuc.edu,Female,175.184.195.139
387,Jaimie,Hullah,jhullah7y@php.net,Female,44.234.154.188
388,Hansiain,England,hengland7z@joomla.org,Male,153.166.180.59
389,Robin,Brimman,rbrimman80@sun.com,Male,166.243.241.154
390,Rossie,Adney,radney81@alexa.com,Male,97.240.81.188
391,Rusty,Mertsching,rmertsching82@xinhuanet.com,Male,213.52.193.11
392,Sheryl,Lown,slown83@tiny.cc,Female,172.152.61.221
393,Berkly,Ville,bville84@pagesperso-orange.fr,Male,4.183.90.202
394,Allys,Osgorby,aosgorby85@behance.net,Female,51.251.196.192
395,Haywood,Karczinski,hkarczinski86@un.org,Male,169.81.58.174
396,Modestine,Cowperthwaite,mcowperthwaite87@livejournal.com,Female,41.255.243.130
397,Jazmin,Epgrave,jepgrave88@hostgator.com,Female,3.108.142.175
398,Shawn,Vernay,svernay89@bloglovin.com,Female,219.156.126.194
399,Charita,Kliner,ckliner8a@photobucket.com,Female,150.236.95.23
400,Melinde,Langworthy,mlangworthy8b@nih.gov,Female,109.14.233.229
401,Donaugh,Polsin,dpolsin8c@people.com.cn,Male,142.68.125.227
402,Marcy,McDonald,mmcdonald8d@dot.gov,Female,161.113.95.123
403,Hamnet,Coulman,hcoulman8e@foxnews.com,Male,80.10.45.227
404,Yuma,Rickertsen,yrickertsen8f@ibm.com,Male,149.199.137.159
405,Joni,Tart,jtart8g@wordpress.org,Female,98.227.226.73
406,Nikki,Fenton,nfenton8h@twitpic.com,Male,79.147.215.20
407,Kirsten,Yarnton,kyarnton8i@odnoklassniki.ru,Female,250.239.17.241
408,Orelie,Weatherby,oweatherby8j@wired.com,Female,215.149.13.17
409,Jacobo,Manuel,jmanuel8k@tinyurl.com,Male,58.16.69.2
410,Chrissie,Le Teve,cleteve8l@indiatimes.com,Male,112.195.161.186
411,Davon,Rivard,drivard8m@forbes.com,Male,106.209.225.98
412,Paul,Gyurkovics,pgyurkovics8n@about.me,Male,228.63.97.4
413,Pierrette,Aldersey,paldersey8o@skype.com,Female,14.116.164.35
414,Mufi,Alldre,malldre8p@buzzfeed.com,Female,0.217.110.37
415,Renae,Lumbers,rlumbers8q@hexun.com,Female,220.137.180.151
416,Maia,Haycock,mhaycock8r@gravatar.com,Female,34.121.1.105
417,Lorene,Burras,lburras8s@unc.edu,Female,239.145.8.87
418,Alexis,Renihan,arenihan8t@merriam-webster.com,Male,119.210.62.126
419,Milzie,Theseira,mtheseira8u@ning.com,Female,24.172.149.220
420,Daron,Trippitt,dtrippitt8v@pen.io,Male,40.152.144.173
421,Seward,Barkworth,sbarkworth8w@vk.com,Male,43.248.221.216
422,Cornall,Graveston,cgraveston8x@chicagotribune.com,Male,195.254.74.231
423,Bogart,Clavering,bclavering8y@sourceforge.net,Male,101.104.211.53
424,Jeremias,Lynnitt,jlynnitt8z@eventbrite.com,Male,91.15.26.149
425,Mitchell,Lohering,mlohering90@mtv.com,Male,157.97.159.6
426,Idell,Librey,ilibrey91@furl.net,Female,209.105.240.164
427,Belicia,Thombleson,bthombleson92@phpbb.com,Female,42.4.167.163
428,Malina,Bordman,mbordman93@walmart.com,Female,202.30.177.215
429,Birch,Crock,bcrock94@google.nl,Male,173.172.120.220
430,Stu,Mason,smason95@youtube.com,Male,132.72.38.115
431,Guinna,de Quesne,gdequesne96@walmart.com,Female,6.39.51.174
432,Feodor,Piola,fpiola97@about.me,Male,100.253.250.62
433,Calhoun,O'Spillane,cospillane98@dion.ne.jp,Male,169.105.191.168
434,Benyamin,Cockran,bcockran99@jiathis.com,Male,223.237.11.228
435,Adolph,Chattaway,achattaway9a@php.net,Male,104.206.128.144
436,Goddart,Melan,gmelan9b@cbsnews.com,Male,171.104.14.87
437,Quinton,Robens,qrobens9c@free.fr,Genderqueer,2.13.209.174
438,Caldwell,Causley,ccausley9d@apache.org,Male,97.156.2.103
439,Thatcher,Ullyott,tullyott9e@redcross.org,Male,4.99.184.240
440,Jerrome,Clail,jclail9f@wikia.com,Male,172.211.147.92
441,Alyosha,Kohneke,akohneke9g@parallels.com,Male,31.49.22.10
442,Juliann,Learned,jlearned9h@cnn.com,Female,192.131.75.115
443,Georas,Bonner,gbonner9i@google.ca,Male,152.125.202.53
444,Sonya,Faughey,sfaughey9j@independent.co.uk,Female,163.239.96.113
445,Lynn,Insull,linsull9k@hc360.com,Male,142.52.95.225
446,Gannie,Ellwell,gellwell9l@mozilla.org,Male,248.139.109.1
447,Ripley,Bootes,rbootes9m@moonfruit.com,Male,178.14.103.105
448,Cordelie,Crosbie,ccrosbie9n@cbsnews.com,Female,255.127.230.213
449,Con,Lawes,clawes9o@github.com,Male,0.153.174.21
450,Carrie,Beels,cbeels9p@lulu.com,Female,60.64.118.115
451,Patrice,Drane,pdrane9q@youtube.com,Genderfluid,88.235.247.66
452,Atlante,Spillard,aspillard9r@wix.com,Female,90.117.77.83
453,Boonie,Maryan,bmaryan9s@bluehost.com,Male,89.199.127.95
454,Bambie,Adshed,badshed9t@msu.edu,Female,147.33.120.182
455,Redford,Dymocke,rdymocke9u@csmonitor.com,Male,89.237.107.105
456,Orlando,Goodge,ogoodge9v@godaddy.com,Male,207.97.97.62
457,Ignatius,Troak,itroak9w@ftc.gov,Male,81.35.85.237
458,Sarina,Nansom,snansom9x@nhs.uk,Female,192.55.192.229
459,Emmalyn,Connaughton,econnaughton9y@accuweather.com,Female,150.240.136.29
460,Fredelia,Tuttle,ftuttle9z@dmoz.org,Female,191.181.67.79
461,Adina,Dymidowicz,adymidowicza0@nhs.uk,Female,122.131.253.156
462,Alejandrina,Duro,aduroa1@yahoo.com,Female,43.79.217.175
463,Charmian,Dobey,cdobeya2@ted.com,Bigender,146.140.235.119
464,Gar,Bault,gbaulta3@arstechnica.com,Male,194.243.152.108
465,Mathew,Shimoni,mshimonia4@tmall.com,Male,12.63.33.35
466,Karel,Fitchell,kfitchella5@delicious.com,Male,69.58.148.7
467,Dion,Garland,dgarlanda6@a8.net,Female,228.8.115.29
468,Carlynne,Gonning,cgonninga7@un.org,Female,241.31.34.110
469,Barnabe,Pateman,bpatemana8@google.co.uk,Male,159.86.129.138
470,Leopold,Hallowes,lhallowesa9@rakuten.co.jp,Male,217.15.47.12
471,Keriann,Potebury,kpoteburyaa@whitehouse.gov,Female,78.39.241.129
472,Alexio,Chipperfield,achipperfieldab@multiply.com,Male,10.82.27.182
473,Henrietta,Chestney,hchestneyac@geocities.jp,Genderfluid,4.101.63.40
474,Lana,Kerbler,lkerblerad@bloglines.com,Female,180.71.60.132
475,Jennie,Peddowe,jpeddoweae@nationalgeographic.com,Female,245.209.90.75
476,Sarena,Dominique,sdominiqueaf@shareasale.com,Female,79.198.193.123
477,Amberly,Jersh,ajershag@redcross.org,Female,116.177.64.105
478,Inness,Kestian,ikestianah@un.org,Male,43.153.60.139
479,Talyah,Le Hucquet,tlehucquetai@go.com,Female,213.159.104.33
480,Lorrie,Di Domenico,ldidomenicoaj@nature.com,Female,168.75.231.200
481,Patricio,Palfrey,ppalfreyak@vkontakte.ru,Male,194.71.83.10
482,Eugene,Allbon,eallbonal@etsy.com,Male,35.195.24.22
483,Cherianne,Mattheis,cmattheisam@hhs.gov,Female,161.107.42.70
484,Amalea,Aubray,aaubrayan@weather.com,Female,1.92.224.169
485,Moore,Joinsey,mjoinseyao@archive.org,Male,181.99.244.177
486,Alvira,Gilardi,agilardiap@cornell.edu,Female,85.141.239.216
487,Emmi,Rogge,eroggeaq@123-reg.co.uk,Female,185.51.106.232
488,Amble,Waterstone,awaterstonear@ifeng.com,Male,16.181.249.228
489,Theda,Pavey,tpaveyas@examiner.com,Female,10.34.59.18
490,Heriberto,Ugolini,hugoliniat@netvibes.com,Male,203.94.127.176
491,Myrtice,Bilston,mbilstonau@ft.com,Female,199.108.96.62
492,Calhoun,Hoffmann,choffmannav@state.gov,Male,159.19.139.229
493,Sheffie,Dukesbury,sdukesburyaw@arstechnica.com,Male,5.14.89.120
494,Reeba,Jannex,rjannexax@oaic.gov.au,Agender,22.76.204.202
495,Junie,Robart,jrobartay@mtv.com,Female,18.8.24.74
496,Lanny,Verey,lvereyaz@gmpg.org,Male,170.121.221.177
497,Walsh,Custard,wcustardb0@twitpic.com,Genderfluid,4.93.208.83
498,Selinda,Jodrellec,sjodrellecb1@fc2.com,Female,100.73.94.135
499,Stephen,Pfeffer,spfefferb2@ucoz.com,Male,248.221.207.135
500,Lion,Chafney,lchafneyb3@surveymonkey.com,Male,79.186.169.18
501,Gilemette,Spriggin,gsprigginb4@oakley.com,Female,226.248.26.201
502,Clemens,Presley,cpresleyb5@myspace.com,Male,43.145.183.88
503,Jimmy,Darcy,jdarcyb6@cisco.com,Male,133.165.87.132
504,Galvan,Rodge,grodgeb7@oracle.com,Male,53.29.133.255
505,Oliy,Curedale,ocuredaleb8@ebay.co.uk,Female,190.15.159.170
506,Natalie,Brecher,nbrecherb9@cbslocal.com,Female,141.62.36.72
507,Murvyn,Kynnd,mkynndba@chronoengine.com,Male,102.208.81.54
508,Freeland,Rockingham,frockinghambb@parallels.com,Male,164.165.213.194
509,Colline,Zarfai,czarfaibc@1und1.de,Female,25.173.246.192
510,Stanislas,Fee,sfeebd@amazon.de,Male,159.172.56.25
511,Oliy,Symcox,osymcoxbe@theguardian.com,Female,79.122.182.94
512,Rozina,Dragoe,rdragoebf@patch.com,Female,129.36.73.209
513,Regan,Muldrew,rmuldrewbg@linkedin.com,Male,40.117.95.27
514,Allayne,Fugere,afugerebh@thetimes.co.uk,Male,164.36.134.96
515,Verena,Rittmeyer,vrittmeyerbi@engadget.com,Female,15.105.151.88
516,Shirlee,Alyutin,salyutinbj@arizona.edu,Female,209.71.161.112
517,Katharine,Duesberry,kduesberrybk@plala.or.jp,Female,160.233.191.228
518,Tandy,Titchmarsh,ttitchmarshbl@arizona.edu,Female,199.159.220.39
519,Margarita,Archdeacon,marchdeaconbm@pcworld.com,Female,177.13.179.221
520,Gerry,Plank,gplankbn@vk.com,Male,207.235.31.89
521,Jacquette,Renzini,jrenzinibo@twitpic.com,Female,221.234.148.29
522,Berny,Dibbin,bdibbinbp@bigcartel.com,Male,230.45.21.35
523,Reg,Avon,ravonbq@gnu.org,Male,88.122.225.111
524,Staford,Slarke,sslarkebr@imdb.com,Male,97.95.121.20
525,Marie-ann,Jacqueme,mjacquemebs@walmart.com,Female,12.35.30.104
526,Gary,Halt,ghaltbt@surveymonkey.com,Male,171.255.156.28
527,Ddene,Crecy,dcrecybu@fastcompany.com,Female,124.152.81.242
528,Jocko,MacFarland,jmacfarlandbv@amazonaws.com,Bigender,44.94.189.192
529,Christie,Wallenger,cwallengerbw@list-manage.com,Male,77.165.167.141
530,Kerr,McGannon,kmcgannonbx@prnewswire.com,Male,167.208.243.146
531,Ronald,Boyd,rboydby@census.gov,Male,69.164.3.199
532,Graham,Glanister,gglanisterbz@scribd.com,Polygender,26.248.177.215
533,Odelle,Martynov,omartynovc0@gmpg.org,Female,0.39.87.88
534,Masha,Von Salzberg,mvonsalzbergc1@theguardian.com,Female,18.240.159.37
535,Alaster,Ilem,ailemc2@slideshare.net,Male,184.47.221.236
536,Clovis,De Bernardi,cdebernardic3@prlog.org,Female,204.72.103.213
537,Jeannette,Gaveltone,jgaveltonec4@reverbnation.com,Female,40.112.207.125
538,Webb,Tantrum,wtantrumc5@geocities.com,Male,50.134.39.165
539,Caralie,Brosoli,cbrosolic6@elegantthemes.com,Genderfluid,255.22.78.168
540,Westley,Andrzej,wandrzejc7@altervista.org,Male,158.118.74.145
541,Gerri,Filippov,gfilippovc8@redcross.org,Male,108.151.145.112
542,Ross,Bruckent,rbruckentc9@twitpic.com,Male,124.107.0.100
543,Fletch,Nettles,fnettlesca@usatoday.com,Male,102.70.191.30
544,Cordie,Pooly,cpoolycb@technorati.com,Female,235.192.34.213
545,Dian,McKelvey,dmckelveycc@shop-pro.jp,Female,238.249.217.161
546,Caroline,Straine,cstrainecd@nasa.gov,Female,4.134.102.117
547,Glenden,Catton,gcattonce@instagram.com,Male,154.115.238.3
548,Lilllie,Terrelly,lterrellycf@theguardian.com,Female,125.250.47.108
549,Ana,Snook,asnookcg@hhs.gov,Female,25.164.28.253
550,Wye,McCloughlin,wmccloughlinch@illinois.edu,Male,43.182.28.118
551,Marlena,Pinnigar,mpinnigarci@skyrock.com,Female,127.221.132.103
552,Halley,Rivett,hrivettcj@imageshack.us,Female,150.57.0.218
553,Heddie,Gherardelli,hgherardellick@smugmug.com,Female,24.45.106.194
554,Rubin,Lazar,rlazarcl@prnewswire.com,Male,248.234.222.26
555,Jabez,Jinda,jjindacm@boston.com,Male,148.223.90.68
556,Brockie,Derle,bderlecn@cnbc.com,Non-binary,80.8.240.134
557,Fidelia,Kristiansen,fkristiansenco@google.es,Non-binary,150.173.196.83
558,Catharine,Frankling,cfranklingcp@who.int,Female,49.58.7.50
559,Ardeen,Goulstone,agoulstonecq@biblegateway.com,Female,91.114.125.105
560,Barbi,O' Donohoe,bodonohoecr@geocities.jp,Female,131.15.26.22
561,Antin,Sizeland,asizelandcs@wunderground.com,Male,169.211.227.209
562,Kienan,Burwood,kburwoodct@ucla.edu,Male,123.82.171.1
563,Elbertina,Ianni,eiannicu@1und1.de,Female,250.7.66.22
564,Chiquia,Ziemsen,cziemsencv@bizjournals.com,Female,190.198.244.92
565,Maribeth,Goldhill,mgoldhillcw@constantcontact.com,Female,210.246.9.83
566,Ettie,Otteridge,eotteridgecx@sourceforge.net,Female,178.223.67.51
567,Aindrea,Foggo,afoggocy@rediff.com,Female,44.217.239.47
568,Allsun,Calf,acalfcz@discuz.net,Polygender,50.227.59.216
569,Stan,Carlan,scarland0@dropbox.com,Male,215.14.25.225
570,Christal,Caston,ccastond1@eventbrite.com,Female,127.46.113.49
571,Reagan,Barttrum,rbarttrumd2@i2i.jp,Male,34.12.134.63
572,Clea,Ness,cnessd3@amazon.co.jp,Female,205.91.15.157
573,Sibyl,Bilyard,sbilyardd4@symantec.com,Female,150.81.255.100
574,Penny,Dwyr,pdwyrd5@dagondesign.com,Male,220.235.83.22
575,Dunstan,Tonbye,dtonbyed6@forbes.com,Male,17.252.84.142
576,Karlik,Garces,kgarcesd7@state.tx.us,Male,216.202.39.6
577,Marty,Beevens,mbeevensd8@yellowpages.com,Female,83.183.175.208
578,Ogden,Beaney,obeaneyd9@slashdot.org,Male,155.255.75.18
579,Gae,Brabin,gbrabinda@t.co,Female,50.27.153.7
580,Wilma,Verty,wvertydb@drupal.org,Female,162.243.205.24
581,Dulsea,Leney,dleneydc@hubpages.com,Female,113.92.19.234
582,Hanny,Purslow,hpurslowdd@reverbnation.com,Female,236.18.192.192
583,Mortie,Tuison,mtuisonde@mapy.cz,Male,114.61.227.17
584,Arman,Knottley,aknottleydf@mysql.com,Male,91.159.40.196
585,Ebenezer,Vanyarkin,evanyarkindg@jalbum.net,Male,102.56.199.184
586,Rosalynd,Mulliner,rmullinerdh@wordpress.com,Female,212.146.196.221
587,Sayers,Harrill,sharrilldi@marketwatch.com,Male,148.161.183.238
588,Marya,Zettler,mzettlerdj@meetup.com,Female,165.226.155.124
589,Deeyn,Novello,dnovellodk@surveymonkey.com,Female,236.117.123.156
590,Marrilee,McLoughlin,mmcloughlindl@yelp.com,Polygender,0.38.68.16
591,Huntington,Beames,hbeamesdm@booking.com,Male,68.215.3.34
592,Sim,Squibbs,ssquibbsdn@samsung.com,Male,124.125.198.130
593,Noach,Adran,nadrando@dion.ne.jp,Male,96.50.73.76
594,Dennison,Nemchinov,dnemchinovdp@shutterfly.com,Genderfluid,36.118.247.106
595,Gwenore,Taill,gtailldq@businessinsider.com,Female,1.103.235.32
596,Pincus,Admans,padmansdr@google.com.au,Male,26.245.238.117
597,Valle,Polini,vpolinids@seesaa.net,Male,166.3.155.64
598,Collin,Cheater,ccheaterdt@hhs.gov,Male,229.179.3.216
599,Margi,Grzeskowski,mgrzeskowskidu@jalbum.net,Female,176.217.218.201
600,Janel,Leeke,jleekedv@miibeian.gov.cn,Female,79.8.249.236
601,Nanette,Mumberson,nmumbersondw@cocolog-nifty.com,Female,7.115.185.3
602,Jill,Neicho,jneichodx@digg.com,Female,54.247.140.34
603,Ryan,Levesley,rlevesleydy@about.me,Male,25.109.81.82
604,Dennet,Glisenan,dglisenandz@histats.com,Genderqueer,155.98.44.55
605,Leona,Mathie,lmathiee0@hubpages.com,Female,189.27.161.178
606,Bessy,Signori,bsignorie1@samsung.com,Polygender,119.188.156.56
607,Culley,Klezmski,cklezmskie2@army.mil,Male,143.180.199.164
608,Merrielle,Stigers,mstigerse3@sakura.ne.jp,Agender,250.211.47.244
609,Alfonse,Wreath,awreathe4@nasa.gov,Male,147.24.224.188
610,Arney,Bernardoux,abernardouxe5@lulu.com,Male,141.64.165.132
611,Katha,McGettigan,kmcgettigane6@rediff.com,Female,95.21.69.17
612,Ludovika,Maile,lmailee7@miibeian.gov.cn,Female,40.37.97.179
613,Etan,Liven,elivene8@macromedia.com,Male,14.247.183.243
614,Patin,Smedley,psmedleye9@taobao.com,Agender,217.222.148.162
615,Selma,Jeffery,sjefferyea@feedburner.com,Female,134.119.115.21
616,Alexandra,Sopper,asoppereb@springer.com,Female,55.33.16.139
617,Jany,Wiburn,jwiburnec@cbsnews.com,Female,162.92.180.9
618,Krystal,Jevons,kjevonsed@dyndns.org,Female,22.146.18.173
619,Porty,Sykora,psykoraee@plala.or.jp,Male,163.166.10.187
620,Esdras,Mardell,emardellef@apache.org,Genderqueer,30.82.168.16
621,Delia,Cullon,dculloneg@harvard.edu,Agender,31.40.173.224
622,Nadya,Haile,nhaileeh@webnode.com,Female,75.71.121.19
623,Alvera,Celand,acelandei@smh.com.au,Female,120.233.99.139
624,Saul,Lindblom,slindblomej@washingtonpost.com,Male,132.143.183.193
625,Guinevere,Childe,gchildeek@edublogs.org,Agender,187.192.69.25
626,Emmanuel,Longman,elongmanel@wsj.com,Male,233.41.216.218
627,Ty,Rowledge,trowledgeem@unicef.org,Male,232.191.239.169
628,Gracie,Matura,gmaturaen@example.com,Female,10.190.25.161
629,Eliot,Grimsdell,egrimsdelleo@biglobe.ne.jp,Male,163.182.183.85
630,Devi,Cunnington,dcunningtonep@cbc.ca,Female,110.126.241.11
631,Vitia,Halls,vhallseq@vk.com,Female,184.24.35.46
632,Candida,Paladino,cpaladinoer@ow.ly,Female,217.50.211.158
633,Deanna,Clemencon,dclemencones@google.de,Female,85.150.7.245
634,Neel,Eslemont,neslemontet@patch.com,Male,91.170.190.92
635,Ellissa,Vamplus,evampluseu@dedecms.com,Female,149.124.129.34
636,Owen,Ardling,oardlingev@dailymotion.com,Male,90.170.97.135
637,Ashia,Carsey,acarseyew@ovh.net,Bigender,237.204.113.154
638,Em,Osipov,eosipovex@csmonitor.com,Polygender,122.15.146.207
639,Marieann,Windram,mwindramey@linkedin.com,Female,135.1.165.170
640,Sigfried,Fernant,sfernantez@creativecommons.org,Male,168.62.189.213
641,Allister,Darbey,adarbeyf0@yandex.ru,Male,193.245.81.108
642,Saunderson,Korpal,skorpalf1@ucoz.ru,Male,81.170.198.5
643,Town,Crews,tcrewsf2@elpais.com,Male,199.63.255.138
644,Lesya,Walster,lwalsterf3@java.com,Female,191.115.59.72
645,Alford,Rawne,arawnef4@wix.com,Genderqueer,250.25.119.182
646,Lillis,Black,lblackf5@artisteer.com,Female,242.89.164.138
647,Stefano,Rooney,srooneyf6@dropbox.com,Male,231.33.39.73
648,Gibby,Darton,gdartonf7@tinypic.com,Male,143.193.71.117
649,Javier,Dairton,jdairtonf8@virginia.edu,Male,218.110.220.129
650,Gertrude,Mattke,gmattkef9@hexun.com,Female,200.63.231.184
651,Wash,Carss,wcarssfa@topsy.com,Male,24.116.236.130
652,Fields,Reneke,frenekefb@alexa.com,Male,112.188.6.64
653,Gilbert,Scarborough,gscarboroughfc@unesco.org,Male,242.109.197.79
654,Andrei,Garshore,agarshorefd@exblog.jp,Female,195.170.68.90
655,Florencia,Badder,fbadderfe@webeden.co.uk,Female,203.168.41.119
656,Stevy,Madgin,smadginff@xinhuanet.com,Male,28.208.34.13
657,Kata,Simecek,ksimecekfg@vimeo.com,Female,177.72.22.179
658,Barry,Brito,bbritofh@spotify.com,Male,229.37.13.184
659,Pierre,Gilson,pgilsonfi@dot.gov,Agender,240.158.59.110
660,Matti,Travis,mtravisfj@answers.com,Female,0.67.155.26
661,Fernanda,Bennedick,fbennedickfk@marriott.com,Female,186.51.79.104
662,Lorianne,Paulet,lpauletfl@51.la,Genderqueer,192.143.24.90
663,Patton,Bollam,pbollamfm@free.fr,Male,110.25.162.182
664,Parnell,Tollit,ptollitfn@shinystat.com,Male,183.8.110.109
665,Arabel,Pearman,apearmanfo@furl.net,Female,252.41.189.21
666,Beale,Bettis,bbettisfp@last.fm,Male,128.245.206.212
667,Cookie,Swinerd,cswinerdfq@shop-pro.jp,Female,173.64.183.18
668,Haslett,Wyard,hwyardfr@nbcnews.com,Male,30.194.58.169
669,Ophelia,Ascrofte,oascroftefs@nydailynews.com,Female,66.23.238.217
670,Darrel,Sawday,dsawdayft@cnbc.com,Male,64.54.84.210
671,Kiri,Freire,kfreirefu@redcross.org,Female,18.47.4.136
672,Rubie,Swenson,rswensonfv@pen.io,Female,82.130.245.34
673,Braden,Antao,bantaofw@imdb.com,Male,147.163.205.132
674,Bonnee,Chinnock,bchinnockfx@vkontakte.ru,Female,16.195.48.158
675,Vinnie,Overbury,voverburyfy@livejournal.com,Genderqueer,246.187.16.61
676,Dawn,Gras,dgrasfz@cpanel.net,Female,158.98.161.99
677,Bidget,Caldecutt,bcaldecuttg0@squidoo.com,Female,237.253.43.48
678,Falito,Fawltey,ffawlteyg1@goo.ne.jp,Male,16.73.54.45
679,Renae,Fosken,rfoskeng2@slashdot.org,Female,132.246.210.70
680,Dyan,Rosenstiel,drosenstielg3@cornell.edu,Female,0.46.81.147
681,Peyter,Iorillo,piorillog4@gov.uk,Male,25.205.228.167
682,Ethelind,Morican,emoricang5@wiley.com,Female,61.112.90.126
683,Truman,Rousell,trousellg6@prweb.com,Male,85.128.14.103
684,Sigrid,Peacham,speachamg7@arizona.edu,Female,7.145.15.247
685,Sondra,Denisevich,sdenisevichg8@yolasite.com,Female,6.155.48.105
686,Gar,Cornewall,gcornewallg9@last.fm,Male,159.143.152.207
687,Sal,Riste,sristega@posterous.com,Female,128.191.96.43
688,Florian,McCambrois,fmccambroisgb@twitpic.com,Male,14.27.213.30
689,Jeanne,Brotherhed,jbrotherhedgc@creativecommons.org,Female,138.226.110.101
690,Susan,Hentzeler,shentzelergd@godaddy.com,Bigender,213.142.152.59
691,Arlette,Brightey,abrighteyge@zimbio.com,Female,176.241.59.113
692,Antonin,Sewley,asewleygf@cam.ac.uk,Male,56.139.71.100
693,Zedekiah,Labrow,zlabrowgg@altervista.org,Male,166.49.199.213
694,Esteban,Lanphier,elanphiergh@last.fm,Male,71.130.149.91
695,Wilfred,Dorset,wdorsetgi@si.edu,Male,91.220.224.102
696,Brook,Cosford,bcosfordgj@cloudflare.com,Male,122.88.71.9
697,Ogden,Szymanzyk,oszymanzykgk@parallels.com,Genderfluid,143.103.123.248
698,Palmer,Gardner,pgardnergl@reverbnation.com,Male,33.91.26.169
699,Sidnee,Streak,sstreakgm@blogs.com,Male,193.81.69.21
700,Corine,Dawidowitz,cdawidowitzgn@vkontakte.ru,Female,26.171.34.111
701,Tremaine,Lydden,tlyddengo@ocn.ne.jp,Male,117.65.44.218
702,Ware,Noonan,wnoonangp@prlog.org,Male,134.246.7.227
703,Gris,Rojel,grojelgq@jimdo.com,Male,218.227.29.242
704,Briny,Shewsmith,bshewsmithgr@buzzfeed.com,Female,178.202.117.103
705,Charmion,Bevington,cbevingtongs@jalbum.net,Female,71.196.160.5
706,Ajay,Hruska,ahruskagt@google.ru,Bigender,231.206.19.219
707,Sigfried,Bradforth,sbradforthgu@independent.co.uk,Male,207.229.181.139
708,Natty,Woollam,nwoollamgv@oracle.com,Male,152.51.129.18
709,Reggy,Damper,rdampergw@china.com.cn,Male,94.46.103.57
710,Mariam,Ivetts,mivettsgx@imageshack.us,Female,70.150.57.163
711,Harlin,Paxforde,hpaxfordegy@list-manage.com,Male,157.171.86.24
712,Darrick,Fleury,dfleurygz@ed.gov,Male,144.59.42.131
713,Jammal,Sprankling,jspranklingh0@senate.gov,Male,242.159.165.59
714,Layton,Dudney,ldudneyh1@behance.net,Male,71.106.167.253
715,Tate,Slinn,tslinnh2@usa.gov,Male,96.98.6.25
716,Gaby,Escofier,gescofierh3@arstechnica.com,Female,149.204.96.187
717,Marley,Leeming,mleemingh4@theglobeandmail.com,Female,2.72.150.148
718,Aloysius,Smiz,asmizh5@cbslocal.com,Male,235.18.200.32
719,Regen,Cordon,rcordonh6@mozilla.com,Male,246.209.74.170
720,Clevey,Parffrey,cparffreyh7@de.vu,Male,49.237.120.150
721,Shelbi,Vinecombe,svinecombeh8@disqus.com,Female,66.225.200.53
722,Cass,Whitby,cwhitbyh9@clickbank.net,Male,96.68.132.111
723,Abner,Morrel,amorrelha@i2i.jp,Male,4.143.231.193
724,Walther,Graveston,wgravestonhb@census.gov,Male,77.224.200.174
725,Leon,Mablestone,lmablestonehc@t.co,Genderfluid,197.96.168.180
726,Olin,McCurry,omccurryhd@bravesites.com,Male,0.252.28.139
727,Wat,Mingaye,wmingayehe@instagram.com,Male,47.199.93.113
728,Callida,Hessle,chesslehf@php.net,Female,144.107.211.113
729,Edik,Linnett,elinnetthg@exblog.jp,Male,174.246.141.99
730,Micheal,Wignall,mwignallhh@vistaprint.com,Male,200.136.196.67
731,Dore,Fitzackerley,dfitzackerleyhi@yolasite.com,Male,231.2.239.134
732,Cyndie,Bould,cbouldhj@chron.com,Female,56.94.21.139
733,Alikee,Garci,agarcihk@nbcnews.com,Female,5.248.62.253
734,Ileana,Mundle,imundlehl@naver.com,Female,187.62.114.233
735,Virgina,Slyde,vslydehm@themeforest.net,Female,50.247.213.86
736,Melly,Di Iorio,mdiioriohn@theglobeandmail.com,Female,176.66.93.177
737,Bendicty,Kelsell,bkelsellho@gizmodo.com,Male,176.253.48.236
738,Rahal,Warrier,rwarrierhp@myspace.com,Female,123.78.126.29
739,Moyra,Davys,mdavyshq@google.ru,Female,71.229.107.220
740,Rebbecca,Allon,rallonhr@storify.com,Female,152.241.194.127
741,Sarene,Hartzogs,shartzogshs@dion.ne.jp,Female,11.85.243.155
742,Matilda,Eccleston,mecclestonht@va.gov,Female,54.115.149.18
743,Aurea,Shorland,ashorlandhu@ezinearticles.com,Genderfluid,78.204.184.205
744,Chico,Lambol,clambolhv@indiatimes.com,Male,168.51.92.23
745,Baxie,Dericot,bdericothw@nyu.edu,Male,196.229.197.233
746,Waverly,Cavaney,wcavaneyhx@nytimes.com,Male,37.175.22.77
747,Wanids,Rottenbury,wrottenburyhy@wp.com,Female,20.74.0.127
748,Daryl,Daffey,ddaffeyhz@hostgator.com,Male,232.99.96.224
749,Debor,McCorrie,dmccorriei0@amazon.co.jp,Female,89.34.217.144
750,Kailey,Oger,kogeri1@exblog.jp,Female,33.108.219.68
751,Leoline,Schultz,lschultzi2@samsung.com,Female,206.155.188.65
752,Teador,Swalough,tswaloughi3@pagesperso-orange.fr,Male,150.228.151.204
753,Antonius,Daviot,adavioti4@auda.org.au,Male,206.247.71.220
754,Nick,Deetlefs,ndeetlefsi5@gizmodo.com,Male,46.223.53.44
755,Gabriellia,Lumb,glumbi6@skype.com,Female,152.40.178.173
756,Bobby,Iacofo,biacofoi7@histats.com,Male,193.120.29.139
757,Kristopher,Syne,ksynei8@ucsd.edu,Male,166.247.210.122
758,Ferdie,Tarling,ftarlingi9@wordpress.org,Male,0.74.92.118
759,Elmore,Elis,eelisia@wisc.edu,Male,49.221.14.125
760,Roxi,Guyan,rguyanib@infoseek.co.jp,Female,121.15.97.108
761,Carlina,De Laci,cdelaciic@nba.com,Polygender,38.44.170.13
762,Arlinda,Forestel,aforestelid@surveymonkey.com,Female,246.235.234.84
763,Gregor,Briant,gbriantie@blogtalkradio.com,Male,11.243.227.211
764,Chariot,Stadding,cstaddingif@jigsy.com,Male,178.146.110.78
765,Tony,Rodinger,trodingerig@telegraph.co.uk,Male,55.94.55.34
766,Ginnie,Suddell,gsuddellih@mayoclinic.com,Female,17.55.238.77
767,Nicky,Cornhill,ncornhillii@github.com,Female,147.51.194.187
768,Ban,Whelpton,bwhelptonij@marketwatch.com,Male,248.79.170.211
769,Conroy,Ceccoli,cceccoliik@hibu.com,Male,57.215.102.129
770,Sophia,Pietrusiak,spietrusiakil@tripadvisor.com,Female,41.111.199.173
771,Elie,Tims,etimsim@dyndns.org,Agender,195.86.184.32
772,Kalina,Sliman,kslimanin@nbcnews.com,Female,8.82.98.192
773,Bellina,Tregunna,btregunnaio@engadget.com,Agender,142.109.243.179
774,Valeda,Gerriet,vgerrietip@vk.com,Female,151.189.35.54
775,Roda,Ganter,rganteriq@about.com,Female,206.79.225.196
776,Emalee,Raecroft,eraecroftir@alexa.com,Female,31.99.214.223
777,Archibald,Haysar,ahaysaris@webnode.com,Male,104.189.63.183
778,Ali,Keedy,akeedyit@psu.edu,Female,17.85.141.158
779,Farr,Teulier,fteulieriu@mashable.com,Male,144.198.181.224
780,Austine,Ayto,aaytoiv@bizjournals.com,Female,234.59.182.174
781,Broddy,Mulleary,bmullearyiw@last.fm,Male,115.61.194.49
782,Loretta,Dodd,ldoddix@gnu.org,Female,139.60.169.3
783,Rickard,Landsman,rlandsmaniy@slashdot.org,Male,159.99.79.158
784,Sheffie,Columbine,scolumbineiz@technorati.com,Male,248.197.151.35
785,Alvin,Rennix,arennixj0@aol.com,Genderqueer,111.191.14.123
786,Mendie,Overbury,moverburyj1@prweb.com,Male,84.187.128.91
787,Berri,Gathwaite,bgathwaitej2@zdnet.com,Female,64.82.214.134
788,Ellette,Braisted,ebraistedj3@nbcnews.com,Female,68.9.184.202
789,Taber,Stennet,tstennetj4@accuweather.com,Male,10.11.41.214
790,Sophia,Bartlomieczak,sbartlomieczakj5@cornell.edu,Female,148.35.150.195
791,Levy,Kornilyev,lkornilyevj6@google.com.br,Male,147.17.22.88
792,Brendon,Hulatt,bhulattj7@google.com,Male,251.104.217.71
793,Lorelle,Otton,lottonj8@instagram.com,Female,109.124.99.172
794,Lorant,Canada,lcanadaj9@shareasale.com,Male,117.29.72.92
795,Rollin,Shillom,rshillomja@last.fm,Male,12.53.154.178
796,Willetta,Strangman,wstrangmanjb@geocities.jp,Female,12.110.55.239
797,Cristobal,Feldhorn,cfeldhornjc@fastcompany.com,Male,20.68.102.193
798,Barret,Cogdon,bcogdonjd@salon.com,Male,191.135.65.117
799,Barbabra,Shoute,bshouteje@geocities.com,Genderqueer,143.226.254.110
800,Godwin,Orrett,gorrettjf@ucoz.ru,Male,176.195.54.192
801,Marco,Henrie,mhenriejg@free.fr,Male,124.186.25.66
802,Ashleigh,St. Clair,astclairjh@upenn.edu,Female,172.64.149.252
803,Kelcie,Gales,kgalesji@acquirethisname.com,Female,55.33.213.144
804,Gordy,Neeves,gneevesjj@indiegogo.com,Male,79.186.0.48
805,Carin,Gosnoll,cgosnolljk@istockphoto.com,Female,21.232.82.104
806,Marge,Jiggens,mjiggensjl@myspace.com,Polygender,128.163.68.75
807,Morlee,Tuma,mtumajm@nature.com,Male,160.21.18.220
808,Rab,Fredi,rfredijn@slideshare.net,Male,197.140.41.161
809,Brok,Colquit,bcolquitjo@infoseek.co.jp,Male,245.66.87.208
810,Augustina,O' Meara,aomearajp@businessweek.com,Female,195.245.242.82
811,Minette,Roscam,mroscamjq@canalblog.com,Female,143.201.147.245
812,Benetta,Heitz,bheitzjr@businessweek.com,Female,90.189.142.74
813,Dion,Peach,dpeachjs@ebay.co.uk,Male,133.104.146.135
814,Tomi,Boldry,tboldryjt@acquirethisname.com,Female,63.68.125.212
815,Danya,Torfin,dtorfinju@chronoengine.com,Female,72.48.27.207
816,Worth,Meltetal,wmeltetaljv@blinklist.com,Male,101.4.149.67
817,Sena,Pretti,sprettijw@newsvine.com,Female,34.133.139.139
818,Raynell,Kibard,rkibardjx@gmpg.org,Female,210.109.94.15
819,Rosaline,Hilldrop,rhilldropjy@weebly.com,Female,32.223.194.68
820,Trevar,Cheng,tchengjz@tinypic.com,Male,58.62.53.101
821,Venita,Freschini,vfreschinik0@slashdot.org,Female,122.103.33.232
822,Rusty,Fidoe,rfidoek1@cmu.edu,Male,95.181.126.73
823,Mara,Spargo,mspargok2@hhs.gov,Female,200.235.121.23
824,Edgardo,Redler,eredlerk3@goo.ne.jp,Male,182.4.191.65
825,Hobey,Forseith,hforseithk4@live.com,Male,10.251.104.60
826,Kira,Mossbee,kmossbeek5@delicious.com,Female,125.54.23.151
827,Kaila,Jewiss,kjewissk6@go.com,Female,17.174.243.230
828,Yanaton,Pottberry,ypottberryk7@mapy.cz,Male,242.80.169.28
829,Tomasine,Dalziell,tdalziellk8@51.la,Female,195.42.15.48
830,Rafferty,Dobie,rdobiek9@loc.gov,Genderfluid,192.136.104.248
831,Aurore,Moynham,amoynhamka@thetimes.co.uk,Female,140.230.205.110
832,Tildi,Gamwell,tgamwellkb@multiply.com,Female,246.7.76.109
833,Nobe,Sweedland,nsweedlandkc@usda.gov,Male,66.160.227.197
834,Bart,Malthouse,bmalthousekd@chron.com,Genderqueer,227.49.215.169
835,Valerie,Bullin,vbullinke@telegraph.co.uk,Female,32.156.71.239
836,Dal,Mapplebeck,dmapplebeckkf@usgs.gov,Male,100.182.139.134
837,Yurik,Cicchetto,ycicchettokg@discuz.net,Male,34.22.139.112
838,Donica,Freddi,dfreddikh@barnesandnoble.com,Female,239.99.84.24
839,Welby,Boshere,wboshereki@joomla.org,Male,241.112.209.14
840,Godwin,Aulds,gauldskj@samsung.com,Male,227.41.96.210
841,Lorens,Kirkwood,lkirkwoodkk@reverbnation.com,Male,67.19.243.243
842,Rayshell,Goodbody,rgoodbodykl@vimeo.com,Female,52.233.131.233
843,Lela,George,lgeorgekm@deviantart.com,Female,237.205.14.121
844,Alfreda,Boggon,aboggonkn@qq.com,Female,78.171.59.108
845,Gaby,Gwatkins,ggwatkinsko@senate.gov,Female,125.159.185.82
846,Keelia,McCorkell,kmccorkellkp@economist.com,Genderqueer,72.76.27.16
847,Aveline,Geeve,ageevekq@theatlantic.com,Female,147.113.53.226
848,Mitchell,Buff,mbuffkr@home.pl,Male,76.67.172.143
849,Millard,Schankelborg,mschankelborgks@sun.com,Male,14.4.209.151
850,Arlan,Jankowski,ajankowskikt@last.fm,Male,94.239.82.212
851,Josee,Richings,jrichingsku@reference.com,Female,224.55.22.189
852,Kassi,Veldstra,kveldstrakv@bing.com,Female,29.42.169.237
853,Borden,Brownlie,bbrownliekw@amazon.de,Male,126.56.8.144
854,Shannan,Brody,sbrodykx@cdbaby.com,Male,75.167.101.167
855,Dory,Wilcher,dwilcherky@hatena.ne.jp,Male,93.52.135.147
856,Gerri,Bischoff,gbischoffkz@weather.com,Male,244.161.217.136
857,Annalise,Marian,amarianl0@cocolog-nifty.com,Female,39.105.122.133
858,Gaspard,Manes,gmanesl1@virginia.edu,Genderqueer,203.147.2.175
859,Terra,Kubacek,tkubacekl2@google.nl,Female,0.27.78.78
860,Ulysses,Sailer,usailerl3@paginegialle.it,Genderqueer,163.145.25.218
861,Robers,Finley,rfinleyl4@china.com.cn,Male,73.74.43.207
862,Berni,Windram,bwindraml5@wordpress.org,Female,77.64.170.78
863,Saxon,Rafter,srafterl6@de.vu,Male,205.206.27.111
864,Raul,Batha,rbathal7@wsj.com,Male,201.130.250.100
865,Carmon,Morford,cmorfordl8@earthlink.net,Female,46.163.109.31
866,Ahmed,Tinniswood,atinniswoodl9@virginia.edu,Male,110.44.153.10
867,Hanna,Gilardoni,hgilardonila@bluehost.com,Female,6.20.191.234
868,Demetri,Brandham,dbrandhamlb@ucoz.com,Male,2.188.43.15
869,Charyl,Sperry,csperrylc@prlog.org,Female,146.254.33.69
870,Anna-diane,Yglesia,ayglesiald@wp.com,Female,106.254.34.93
871,Harley,Grzesiak,hgrzesiakle@tripod.com,Female,154.117.198.76
872,Sonni,Gingle,sginglelf@apple.com,Female,217.161.241.94
873,Bonnee,Tumasian,btumasianlg@dedecms.com,Female,9.73.72.31
874,Othelia,Puddle,opuddlelh@usnews.com,Female,224.186.178.134
875,Lucian,Huntar,lhuntarli@lycos.com,Male,149.165.235.116
876,Clayborn,Tryhorn,ctryhornlj@virginia.edu,Male,167.69.124.182
877,Wilt,Bellany,wbellanylk@skyrock.com,Male,16.238.31.235
878,Ruby,Alp,ralpll@zimbio.com,Male,236.237.221.45
879,Fidela,Ruppel,fruppellm@tinyurl.com,Female,137.191.78.80
880,Dwain,Scottini,dscottiniln@skyrock.com,Male,176.127.199.172
881,Almeria,Janku,ajankulo@nifty.com,Female,69.141.70.114
882,Bancroft,Frankish,bfrankishlp@scientificamerican.com,Male,172.161.24.144
883,Susanetta,Suston,ssustonlq@unicef.org,Female,19.112.119.243
884,Weider,Doctor,wdoctorlr@cam.ac.uk,Male,47.62.18.74
885,Emelita,Yurin,eyurinls@merriam-webster.com,Female,9.83.130.250
886,Nonie,Hucquart,nhucquartlt@uiuc.edu,Female,70.146.106.106
887,Benjy,Hathorn,bhathornlu@globo.com,Male,12.202.146.42
888,Rhonda,Lilie,rlilielv@wunderground.com,Genderqueer,175.53.184.186
889,Alisa,Mash,amashlw@homestead.com,Female,161.129.168.243
890,Kippy,Challoner,kchallonerlx@cpanel.net,Female,35.159.95.70
891,Lorain,Dzeniskevich,ldzeniskevichly@4shared.com,Female,109.84.161.90
892,Nealson,Esgate,nesgatelz@dot.gov,Male,93.126.136.91
893,Ula,Condict,ucondictm0@youku.com,Female,38.130.174.232
894,Zachary,Barke,zbarkem1@squarespace.com,Male,13.157.255.83
895,Melanie,Skeermor,mskeermorm2@webeden.co.uk,Female,193.252.45.88
896,Zondra,Heaslip,zheaslipm3@aboutads.info,Bigender,88.63.59.127
897,Antonella,Vigietti,avigiettim4@washington.edu,Female,224.199.160.15
898,Beitris,Bernadzki,bbernadzkim5@tinypic.com,Bigender,64.152.183.127
899,Henry,Claye,hclayem6@trellian.com,Male,137.26.165.79
900,Ealasaid,China,echinam7@stanford.edu,Female,47.99.207.207
901,Nicola,Spoors,nspoorsm8@furl.net,Female,236.227.218.12
902,Lindon,Pecey,lpeceym9@imdb.com,Non-binary,89.155.216.14
903,Grace,Kegg,gkeggma@typepad.com,Female,253.112.143.216
904,Belicia,Francescuzzi,bfrancescuzzimb@google.co.uk,Female,92.73.136.215
905,Leighton,Fuggle,lfugglemc@nih.gov,Male,224.34.230.94
906,Nat,Skylett,nskylettmd@yale.edu,Male,65.73.125.205
907,Madelyn,Horbart,mhorbartme@reddit.com,Female,250.109.100.252
908,Haskel,Spread,hspreadmf@aboutads.info,Male,249.227.136.146
909,Annetta,Cunnington,acunningtonmg@typepad.com,Female,25.130.51.229
910,Savina,Falkous,sfalkousmh@npr.org,Female,181.132.9.147
911,Moss,Galfour,mgalfourmi@cdc.gov,Male,195.63.107.199
912,Hugo,Tellesson,htellessonmj@tinyurl.com,Male,118.119.41.5
913,Wendall,Merrin,wmerrinmk@skyrock.com,Male,23.182.29.33
914,Jobey,Valett,jvalettml@abc.net.au,Female,210.152.103.41
915,Neal,Cosslett,ncosslettmm@devhub.com,Male,219.80.242.208
916,Alverta,Bunnell,abunnellmn@seattletimes.com,Female,159.244.185.130
917,Matthieu,Colborn,mcolbornmo@whitehouse.gov,Male,227.130.76.182
918,Chaddie,Lent,clentmp@globo.com,Bigender,200.11.140.103
919,Hube,Death,hdeathmq@wikipedia.org,Male,109.6.173.107
920,Moses,Kirkby,mkirkbymr@plala.or.jp,Male,6.59.1.161
921,Chase,Seear,cseearms@vinaora.com,Male,160.157.189.52
922,Caresa,Lasham,clashammt@cnn.com,Female,116.73.218.88
923,Meaghan,Rookes,mrookesmu@hatena.ne.jp,Female,207.162.104.30
924,Daron,Daniell,ddaniellmv@bluehost.com,Male,104.167.241.37
925,Cynthia,Guerrin,cguerrinmw@netvibes.com,Female,125.164.236.17
926,Vivie,Vasnev,vvasnevmx@nydailynews.com,Female,114.70.220.134
927,Glory,Bonnett,gbonnettmy@umn.edu,Female,15.235.155.29
928,Ailsun,Rosas,arosasmz@europa.eu,Female,216.231.84.165
929,Vikki,Cushe,vcushen0@zdnet.com,Female,192.242.135.51
930,Sigismund,Biford,sbifordn1@biglobe.ne.jp,Male,65.40.32.15
931,Koralle,Eyres,keyresn2@quantcast.com,Genderfluid,189.65.61.118
932,Janna,Taffee,jtaffeen3@spiegel.de,Female,228.241.37.69
933,Manon,MacMurray,mmacmurrayn4@npr.org,Genderfluid,92.253.181.176
934,Montague,Lints,mlintsn5@mapy.cz,Bigender,69.14.84.202
935,Raymund,Minchenton,rminchentonn6@blogs.com,Male,247.101.109.216
936,Carey,Dust,cdustn7@sina.com.cn,Female,84.142.172.211
937,Prince,Symson,psymsonn8@jiathis.com,Male,77.250.18.115
938,Vanessa,Dredge,vdredgen9@usatoday.com,Female,130.125.71.251
939,Lanny,MacDowall,lmacdowallna@phpbb.com,Male,29.0.157.150
940,Vincenty,Heugh,vheughnb@cbslocal.com,Male,56.144.243.251
941,Augustina,Ickeringill,aickeringillnc@ocn.ne.jp,Female,28.86.154.42
942,Bronny,Denmead,bdenmeadnd@go.com,Male,39.45.12.227
943,Lorianna,Timby,ltimbyne@fema.gov,Female,163.203.1.180
944,Antons,Bricknall,abricknallnf@zimbio.com,Male,58.188.196.62
945,Alasteir,Eisak,aeisakng@delicious.com,Male,167.25.215.81
946,Marlyn,Stroband,mstrobandnh@last.fm,Female,213.160.18.37
947,Lina,Reder,lrederni@rambler.ru,Female,73.143.134.65
948,Eugenie,Batrim,ebatrimnj@microsoft.com,Female,234.248.57.5
949,Morrie,Dickons,mdickonsnk@bravesites.com,Male,99.91.223.131
950,Henka,Roose,hroosenl@princeton.edu,Female,26.52.122.35
951,Genna,Grevatt,ggrevattnm@webeden.co.uk,Female,80.233.116.255
952,Darcy,Brugemann,dbrugemannnn@deviantart.com,Male,6.67.71.107
953,Ola,Bronger,obrongerno@bigcartel.com,Female,221.0.94.161
954,Jocelin,Kaubisch,jkaubischnp@techcrunch.com,Female,105.64.172.13
955,Drew,Bortolotti,dbortolottinq@ebay.co.uk,Male,10.249.180.53
956,Torrin,Rambaut,trambautnr@yale.edu,Male,14.2.83.240
957,Pierette,Shutle,pshutlens@marriott.com,Female,174.108.212.136
958,Willetta,Dulake,wdulakent@webmd.com,Female,42.132.34.164
959,Mendel,Drake,mdrakenu@nps.gov,Male,174.40.254.221
960,Trudy,Upsale,tupsalenv@reverbnation.com,Female,65.213.182.21
961,Nara,Haswall,nhaswallnw@bloomberg.com,Female,181.152.219.217
962,Farrand,Droghan,fdroghannx@smh.com.au,Female,176.208.131.138
963,Valentin,Jessop,vjessopny@icio.us,Male,156.210.51.241
964,Madeline,Aprahamian,maprahamiannz@yandex.ru,Female,190.164.135.52
965,Bonni,Sale,bsaleo0@topsy.com,Female,104.113.234.153
966,Tuckie,Daubney,tdaubneyo1@over-blog.com,Male,252.125.208.64
967,Pauline,Strelitzki,pstrelitzkio2@eventbrite.com,Female,131.203.25.52
968,Ramsay,McRobert,rmcroberto3@histats.com,Male,210.136.33.24
969,Nap,Ferebee,nferebeeo4@imageshack.us,Male,213.197.172.170
970,Valaria,Frosch,vfroscho5@fda.gov,Female,40.56.116.29
971,Lincoln,Bromwich,lbromwicho6@dedecms.com,Male,48.14.133.14
972,Kassey,Burry,kburryo7@jigsy.com,Female,74.85.162.48
973,Crosby,Plascott,cplascotto8@apache.org,Male,113.228.147.199
974,Orran,Franssen,ofransseno9@de.vu,Male,49.68.28.73
975,Megan,Tryhorn,mtryhornoa@facebook.com,Female,43.170.200.171
976,Adair,Marcinkus,amarcinkusob@ft.com,Male,216.116.156.138
977,Coral,Bexon,cbexonoc@yahoo.co.jp,Female,198.195.80.8
978,Olin,Klewer,oklewerod@samsung.com,Male,224.32.105.0
979,Mina,Brearley,mbrearleyoe@examiner.com,Female,224.134.183.33
980,Gerladina,Sansom,gsansomof@bravesites.com,Female,190.50.21.225
981,Tiphany,Ledrun,tledrunog@ovh.net,Female,11.174.117.248
982,Rebeka,Forshaw,rforshawoh@slashdot.org,Female,48.219.21.195
983,Elvin,Badby,ebadbyoi@sphinn.com,Male,98.55.100.137
984,Clayborne,Alvaro,calvarooj@adobe.com,Male,80.0.47.229
985,Casi,Dysart,cdysartok@taobao.com,Genderqueer,198.56.40.108
986,Terrel,Deacock,tdeacockol@feedburner.com,Male,39.140.3.168
987,Egbert,Claypoole,eclaypooleom@qq.com,Male,182.21.185.79
988,Jillian,Braunthal,jbraunthalon@comsenz.com,Female,84.87.186.12
989,Leonelle,Bentick,lbentickoo@github.com,Female,166.111.94.216
990,Sauveur,Mechi,smechiop@reuters.com,Male,63.163.12.204
991,Audrey,Rous,arousoq@cbsnews.com,Female,19.42.242.135
992,Bent,Maskall,bmaskallor@ca.gov,Male,175.15.90.159
993,Dee,Derry,dderryos@ebay.co.uk,Polygender,149.168.31.20
994,Farra,Alen,falenot@oaic.gov.au,Female,123.209.248.48
995,Artus,Brattan,abrattanou@wikispaces.com,Male,67.57.107.212
996,Melina,Temprell,mtemprellov@umn.edu,Non-binary,81.71.103.54
997,Katleen,O'Caherny,kocahernyow@hc360.com,Female,107.33.245.153
998,Robbi,Stanyland,rstanylandox@parallels.com,Female,218.204.36.56
999,Janis,Verick,jverickoy@last.fm,Female,130.210.191.6
1000,Natalya,Medd,nmeddoz@redcross.org,Female,170.203.174.36
1001,Maximilien,McWilliams,mmcwilliamsp0@cpanel.net,Male,248.47.245.221
1002,Zach,Snawden,zsnawdenp1@cyberchimps.com,Male,45.123.97.252
1003,Stephani,Rossander,srossanderp2@hostgator.com,Female,230.33.227.213
1004,Mirilla,Foskett,mfoskettp3@squarespace.com,Female,137.217.12.82
1005,Harmonie,Dorrington,hdorringtonp4@fc2.com,Female,97.85.255.229
1006,Crista,Lax,claxp5@whitehouse.gov,Bigender,194.45.71.178
1007,David,Frosdick,dfrosdickp6@purevolume.com,Male,147.35.213.199
1008,Drucill,Ralphs,dralphsp7@indiegogo.com,Female,143.222.7.10
1009,Noami,Ikringill,nikringillp8@fc2.com,Female,134.67.53.7
1010,Moise,Ferber,mferberp9@xing.com,Male,78.4.219.92
1011,Buiron,Scartifield,bscartifieldpa@themeforest.net,Male,33.144.52.202
1012,Francklyn,Whittle,fwhittlepb@google.com.br,Male,215.133.87.85
1013,Ninette,Quipp,nquipppc@amazonaws.com,Female,55.235.189.196
1014,Callida,Lanfare,clanfarepd@mayoclinic.com,Female,9.69.114.238
1015,Jasun,Fox,jfoxpe@columbia.edu,Genderfluid,13.192.93.46
1016,Fleurette,Elgee,felgeepf@hugedomains.com,Female,142.79.112.245
1017,Addy,Mercik,amercikpg@omniture.com,Male,56.217.95.204
1018,Norina,Fussie,nfussieph@samsung.com,Female,13.5.121.28
1019,Gallagher,Cotherill,gcotherillpi@blog.com,Male,16.224.52.200
1020,Stanleigh,Towsey,stowseypj@pen.io,Male,105.98.14.9
1021,Hurley,Grubbe,hgrubbepk@weather.com,Male,167.4.178.78
1022,Harrietta,Menci,hmencipl@digg.com,Female,24.102.152.13
1023,Cody,Edgeon,cedgeonpm@forbes.com,Male,130.169.63.132
1024,Lyndsey,Bonifazio,lbonifaziopn@sourceforge.net,Female,155.109.135.13
1025,Christian,Grace,cgracepo@blinklist.com,Male,248.122.55.151
1026,Glennis,McKeney,gmckeneypp@tiny.cc,Female,198.178.216.247
1027,Von,Radoux,vradouxpq@oakley.com,Male,35.94.37.116
1028,Roobbie,Coots,rcootspr@princeton.edu,Female,124.255.146.6
1029,Nicoli,Piniur,npiniurps@uol.com.br,Female,39.33.189.158
1030,Percival,Hasser,phasserpt@cam.ac.uk,Male,112.146.22.85
1031,Alexandrina,Enright,aenrightpu@sakura.ne.jp,Agender,97.181.241.228
1032,Herb,Hutcheon,hhutcheonpv@si.edu,Male,40.106.84.20
1033,Marcello,Yesichev,myesichevpw@latimes.com,Male,126.136.208.186
1034,Horst,McPike,hmcpikepx@tinypic.com,Male,108.219.109.153
1035,Holly,Placstone,hplacstonepy@networkadvertising.org,Male,241.217.157.158
1036,Cornela,Salvidge,csalvidgepz@goo.ne.jp,Female,142.151.109.232
1037,Gerick,Bonsey,gbonseyq0@squidoo.com,Male,221.105.117.149
1038,Starr,Stollenberg,sstollenbergq1@nydailynews.com,Female,199.180.211.230
1039,Bibi,Scorthorne,bscorthorneq2@mozilla.com,Female,80.13.109.231
1040,Melonie,Cartmale,mcartmaleq3@cdc.gov,Female,53.32.127.253
1041,Jaye,Maskall,jmaskallq4@theglobeandmail.com,Male,42.246.228.48
1042,Hilarius,Matuszynski,hmatuszynskiq5@clickbank.net,Male,98.237.37.50
1043,Merrie,Vogeller,mvogellerq6@census.gov,Female,222.117.72.10
1044,Godfry,Croster,gcrosterq7@netvibes.com,Male,9.117.209.110
1045,Fifi,Kennsley,fkennsleyq8@ehow.com,Female,178.77.62.103
1046,Kennan,Radnage,kradnageq9@senate.gov,Male,108.75.92.65
1047,Marne,Welsby,mwelsbyqa@tinyurl.com,Female,172.57.5.255
1048,Nicolis,Curphey,ncurpheyqb@list-manage.com,Genderfluid,55.155.12.24
1049,Gavan,Chazier,gchazierqc@csmonitor.com,Non-binary,94.138.240.31
1050,Pincus,Penwright,ppenwrightqd@icq.com,Male,37.1.135.142
1051,Gib,Bloxland,gbloxlandqe@chicagotribune.com,Male,129.115.197.26
1052,Sigismund,Silley,ssilleyqf@sciencedaily.com,Male,167.150.198.50
1053,Morlee,Childs,mchildsqg@yandex.ru,Male,246.93.193.155
1054,Duffie,Walworche,dwalworcheqh@constantcontact.com,Male,114.170.103.184
1055,Chuck,Bowley,cbowleyqi@geocities.jp,Agender,184.46.230.109
1056,Isidro,Brownhall,ibrownhallqj@washingtonpost.com,Male,55.58.126.139
1057,Reinaldo,Dimitrijevic,rdimitrijevicqk@qq.com,Male,219.234.109.44
1058,Vanya,Sapey,vsapeyql@networksolutions.com,Male,253.87.187.115
1059,Kimberley,Rorke,krorkeqm@phpbb.com,Female,156.230.1.28
1060,Pris,Nannizzi,pnannizziqn@feedburner.com,Female,136.57.100.168
1061,Alisa,Robardet,arobardetqo@wired.com,Non-binary,167.68.224.192
1062,Nana,Cregeen,ncregeenqp@reddit.com,Female,95.64.225.178
1063,Madelena,Farrer,mfarrerqq@cyberchimps.com,Female,5.61.84.222
1064,Elisa,Peiro,epeiroqr@de.vu,Genderfluid,8.205.103.56
1065,Seward,Rubinsztein,srubinszteinqs@purevolume.com,Male,131.66.53.5
1066,Benny,Delleschi,bdelleschiqt@hc360.com,Male,123.203.226.130
1067,Vivianna,Matussov,vmatussovqu@un.org,Female,0.6.81.221
1068,Garwin,Keel,gkeelqv@stumbleupon.com,Male,209.98.204.182
1069,Clemmie,Serraillier,cserraillierqw@theatlantic.com,Female,239.55.205.214
1070,Rutter,De Few,rdefewqx@google.cn,Male,16.254.126.40
1071,Ellene,Batt,ebattqy@mysql.com,Female,76.41.158.154
1072,Jackqueline,Scolland,jscollandqz@cornell.edu,Female,192.226.254.140
1073,Dorthea,Dickey,ddickeyr0@wikipedia.org,Female,157.73.1.136
1074,Lina,Chansonnau,lchansonnaur1@state.gov,Female,72.199.114.228
1075,Zonnya,McCritchie,zmccritchier2@nbcnews.com,Female,250.234.101.65
1076,Selby,Braysher,sbraysherr3@princeton.edu,Bigender,64.222.75.189
1077,Lita,Schruurs,lschruursr4@dagondesign.com,Female,202.64.50.234
1078,Maxy,Spellessy,mspellessyr5@nps.gov,Male,117.124.70.161
1079,Arden,Gleasane,agleasaner6@sciencedirect.com,Polygender,43.9.88.6
1080,Feodor,Morlon,fmorlonr7@webeden.co.uk,Male,68.10.43.249
1081,Andrea,Grabeham,agrabehamr8@canalblog.com,Male,19.219.240.76
1082,Roslyn,Yanuk,ryanukr9@theguardian.com,Female,229.0.17.61
1083,Rickert,Capeling,rcapelingra@sphinn.com,Male,19.244.245.71
1084,Ricky,Braxton,rbraxtonrb@microsoft.com,Female,63.102.86.217
1085,Neille,Antonio,nantoniorc@cocolog-nifty.com,Female,3.132.202.122
1086,Lebbie,Oxford,loxfordrd@google.ca,Female,73.50.51.121
1087,Gerry,Auletta,gaulettare@cnet.com,Female,166.222.79.3
1088,Salli,Domone,sdomonerf@studiopress.com,Female,103.179.101.139
1089,Babita,Pettyfar,bpettyfarrg@hugedomains.com,Female,109.38.162.30
1090,Aguistin,Dressel,adresselrh@sitemeter.com,Polygender,140.165.126.98
1091,Olwen,Grayson,ograysonri@huffingtonpost.com,Female,240.151.233.251
1092,Ronna,Cattanach,rcattanachrj@smh.com.au,Female,7.133.7.126
1093,Clerc,McLarty,cmclartyrk@npr.org,Male,40.171.228.195
1094,Monica,Splevings,msplevingsrl@alexa.com,Female,137.79.237.201
1095,Beckie,Mille,bmillerm@tripadvisor.com,Female,211.77.133.61
1096,Bernard,Kummerlowe,bkummerlowern@plala.or.jp,Male,6.248.159.169
1097,Maryanne,Hainsworth,mhainsworthro@nyu.edu,Female,105.186.39.234
1098,Gillian,Hugle,ghuglerp@so-net.ne.jp,Female,24.34.178.232
1099,Virgie,Elby,velbyrq@mlb.com,Male,205.229.86.17
1100,Claudina,Limeburn,climeburnrr@indiatimes.com,Female,177.8.164.185
